firm_id,firm_name,city,county,state,practice_areas,year_founded,estimated_attorney_count,phone,website,verified_source
MI861173,Associates,Springfield,Alcona,MI,Real Estate,1968,1,(242)-605-5875,law779.com,Michigan State Bar - dir.michbar.org
MI577318,Braun Kendrick Finkbeiner - Alcona Office,Springfield,Alcona,MI,Real Estate,1981,1,(687)-890-5526,legal894.com,Michigan State Bar - dir.michbar.org
MI703958,Brown & Associates,Springfield,Alcona,MI,Multi-specialty,1981,40,(645)-880-8900,law528.com,Michigan State Bar - dir.michbar.org
MI930141,Counsel,Springfield,Alcona,MI,Corporate,1993,44,(845)-709-1159,firm13.com,Michigan State Bar - dir.michbar.org
MI829980,Davis & Associates,Springfield,Alcona,MI,Real Estate,1962,15,(329)-455-9195,firm201.com,Michigan State Bar - dir.michbar.org
MI584142,Garcia & Associates,Springfield,Alcona,MI,Family,1960,21,(802)-396-4847,firm240.com,Michigan State Bar - dir.michbar.org
MI493021,Honigman - Alcona Office,Springfield,Alcona,MI,Real Estate,1952,17,(639)-461-4342,firm643.com,Michigan State Bar - dir.michbar.org
MI797306,"Jaffe, Raitt, Heuer & Weiss - Alcona Office",Springfield,Alcona,MI,Multi-specialty,2001,19,(362)-756-6790,firm288.com,Michigan State Bar - dir.michbar.org
MI746709,Johnson & Associates,Springfield,Alcona,MI,Family,1994,8,(559)-781-6880,firm843.com,Michigan State Bar - dir.michbar.org
MI924942,Jones & Associates,Springfield,Alcona,MI,Corporate,1962,20,(579)-949-7148,firm818.com,Michigan State Bar - dir.michbar.org
MI420073,Law Firm,Springfield,Alcona,MI,Civil,1962,31,(280)-796-6122,firm277.com,Michigan State Bar - dir.michbar.org
MI470952,Legal Group,Springfield,Alcona,MI,Civil,1972,2,(339)-556-4608,law950.com,Michigan State Bar - dir.michbar.org
MI693558,Miller & Associates,Springfield,Alcona,MI,Real Estate,1980,23,(526)-200-8654,firm381.com,Michigan State Bar - dir.michbar.org
MI618656,Partners,Springfield,Alcona,MI,Real Estate,1969,50,(216)-388-6915,legal722.com,Michigan State Bar - dir.michbar.org
MI403632,Plunkett Cooney - Alcona Office,Springfield,Alcona,MI,Multi-specialty,1960,41,(933)-621-3192,legal367.com,Michigan State Bar - dir.michbar.org
MI263088,Smith & Associates,Springfield,Alcona,MI,Litigation,2017,37,(922)-493-7120,firm383.com,Michigan State Bar - dir.michbar.org
MI527984,Williams & Associates,Springfield,Alcona,MI,Litigation,2007,9,(253)-792-1619,firm515.com,Michigan State Bar - dir.michbar.org
MI313352,Associates,Springfield,Alger,MI,Family,1979,14,(761)-554-3905,firm301.com,Michigan State Bar - dir.michbar.org
MI913213,Brown & Associates,Springfield,Alger,MI,Real Estate,1969,28,(528)-619-1141,firm631.com,Michigan State Bar - dir.michbar.org
MI381375,Counsel,Springfield,Alger,MI,Multi-specialty,1958,6,(729)-367-5321,legal281.com,Michigan State Bar - dir.michbar.org
MI508823,Dzurus PC - Alger Office,Springfield,Alger,MI,Litigation,1997,11,(428)-799-2712,legal191.com,Michigan State Bar - dir.michbar.org
MI691312,Garan Lucow Miller - Alger Office,Springfield,Alger,MI,Civil,1977,13,(523)-269-2976,law154.com,Michigan State Bar - dir.michbar.org
MI201421,Garcia & Associates,Springfield,Alger,MI,General,1955,37,(268)-765-1980,firm53.com,Michigan State Bar - dir.michbar.org
MI127529,Johnson & Associates,Springfield,Alger,MI,Family,2001,43,(912)-619-3360,legal792.com,Michigan State Bar - dir.michbar.org
MI643770,Law Firm,Springfield,Alger,MI,Civil,2013,3,(399)-496-7218,legal949.com,Michigan State Bar - dir.michbar.org
MI299871,Legal Group,Springfield,Alger,MI,Litigation,2006,40,(793)-316-7064,legal333.com,Michigan State Bar - dir.michbar.org
MI687737,Miller & Associates,Springfield,Alger,MI,Real Estate,1998,41,(513)-835-2657,firm974.com,Michigan State Bar - dir.michbar.org
MI571787,Miller Johnson - Alger Office,Springfield,Alger,MI,Civil,1986,30,(538)-753-3976,law334.com,Michigan State Bar - dir.michbar.org
MI579824,Partners,Springfield,Alger,MI,Real Estate,2000,44,(288)-672-4609,law623.com,Michigan State Bar - dir.michbar.org
MI256324,Rodriguez & Associates,Springfield,Alger,MI,Real Estate,1964,29,(531)-671-2393,legal683.com,Michigan State Bar - dir.michbar.org
MI104516,Williams & Associates,Springfield,Alger,MI,Real Estate,1993,25,(916)-756-6435,firm19.com,Michigan State Bar - dir.michbar.org
MI221986,Clark Hill - Allegan Office,Holland,Allegan,MI,Civil,1955,23,(812)-769-7235,law336.com,Michigan State Bar - dir.michbar.org
MI450683,Counsel,Holland,Allegan,MI,Civil,1978,29,(642)-902-2242,firm276.com,Michigan State Bar - dir.michbar.org
MI262998,Davis & Associates,Holland,Allegan,MI,Corporate,1989,48,(362)-781-6932,law831.com,Michigan State Bar - dir.michbar.org
MI747709,Dickinson Wright - Allegan Office,Holland,Allegan,MI,Civil,1964,32,(260)-587-3982,firm567.com,Michigan State Bar - dir.michbar.org
MI138851,Dykema - Allegan Office,Holland,Allegan,MI,Litigation,1961,7,(232)-247-2249,firm848.com,Michigan State Bar - dir.michbar.org
MI455817,Fraser Trebilcock - Allegan Office,Holland,Allegan,MI,Litigation,2019,6,(629)-465-1924,legal16.com,Michigan State Bar - dir.michbar.org
MI135049,Garcia & Associates,Holland,Allegan,MI,Litigation,2002,12,(525)-365-9504,law962.com,Michigan State Bar - dir.michbar.org
MI447985,"Jaffe, Raitt, Heuer & Weiss - Allegan Office",Holland,Allegan,MI,Multi-specialty,1979,14,(722)-223-3168,firm713.com,Michigan State Bar - dir.michbar.org
MI136978,Johnson & Associates,Holland,Allegan,MI,Litigation,1960,44,(883)-471-7222,legal341.com,Michigan State Bar - dir.michbar.org
MI297998,Jones & Associates,Holland,Allegan,MI,Multi-specialty,1955,45,(424)-789-4483,legal130.com,Michigan State Bar - dir.michbar.org
MI755835,Law Firm,Holland,Allegan,MI,Civil,1954,25,(973)-285-9063,legal146.com,Michigan State Bar - dir.michbar.org
MI617962,Legal Group,Holland,Allegan,MI,Litigation,1970,17,(939)-534-6631,firm755.com,Michigan State Bar - dir.michbar.org
MI294711,Miller & Associates,Holland,Allegan,MI,Multi-specialty,1975,14,(475)-555-9051,law85.com,Michigan State Bar - dir.michbar.org
MI382522,Miller Johnson - Allegan Office,Holland,Allegan,MI,Real Estate,2012,27,(506)-943-8424,law416.com,Michigan State Bar - dir.michbar.org
MI406431,"Miller, Canfield, Paddock and Stone, PLC - Allegan Office",Holland,Allegan,MI,Civil,1970,7,(663)-227-3802,firm835.com,Michigan State Bar - dir.michbar.org
MI656321,Rodriguez & Associates,Holland,Allegan,MI,Real Estate,1979,7,(869)-475-8803,firm406.com,Michigan State Bar - dir.michbar.org
MI377250,Smith & Associates,Holland,Allegan,MI,Family,2016,47,(476)-911-5854,firm679.com,Michigan State Bar - dir.michbar.org
MI504413,Breen Tomlinson Fromm - Alpena Office,Springfield,Alpena,MI,Civil,1978,40,(848)-789-4313,legal627.com,Michigan State Bar - dir.michbar.org
MI825846,Brown & Associates,Springfield,Alpena,MI,Corporate,1971,19,(372)-813-4842,legal760.com,Michigan State Bar - dir.michbar.org
MI687571,Clark Hill - Alpena Office,Springfield,Alpena,MI,Litigation,1956,38,(763)-973-4344,firm48.com,Michigan State Bar - dir.michbar.org
MI190213,Counsel,Springfield,Alpena,MI,Multi-specialty,1962,45,(724)-800-5151,firm931.com,Michigan State Bar - dir.michbar.org
MI657956,Dickinson Wright - Alpena Office,Springfield,Alpena,MI,Multi-specialty,1997,50,(777)-790-7753,law879.com,Michigan State Bar - dir.michbar.org
MI413800,Fraser Trebilcock - Alpena Office,Springfield,Alpena,MI,Family,1961,42,(872)-988-6140,legal1000.com,Michigan State Bar - dir.michbar.org
MI178615,Garan Lucow Miller - Alpena Office,Springfield,Alpena,MI,Corporate,1977,38,(761)-460-7657,legal165.com,Michigan State Bar - dir.michbar.org
MI502412,Garcia & Associates,Springfield,Alpena,MI,Multi-specialty,1958,12,(792)-494-2004,legal561.com,Michigan State Bar - dir.michbar.org
MI759241,Legal Group,Springfield,Alpena,MI,Corporate,2010,22,(717)-764-2261,law819.com,Michigan State Bar - dir.michbar.org
MI581926,Partners,Springfield,Alpena,MI,Family,1989,24,(524)-762-4472,firm688.com,Michigan State Bar - dir.michbar.org
MI114533,Rodriguez & Associates,Springfield,Alpena,MI,Multi-specialty,2016,15,(889)-921-4666,legal715.com,Michigan State Bar - dir.michbar.org
MI888007,Varnum - Alpena Office,Springfield,Alpena,MI,Litigation,1961,45,(570)-571-8243,legal917.com,Michigan State Bar - dir.michbar.org
MI859775,Williams & Associates,Springfield,Alpena,MI,Civil,1978,14,(435)-685-2755,firm954.com,Michigan State Bar - dir.michbar.org
MI239385,Breen Tomlinson Fromm - Antrim Office,Springfield,Antrim,MI,Corporate,1979,45,(386)-535-1207,legal713.com,Michigan State Bar - dir.michbar.org
MI667728,Brown & Associates,Springfield,Antrim,MI,Civil,2006,8,(634)-650-9331,firm257.com,Michigan State Bar - dir.michbar.org
MI103547,Counsel,Springfield,Antrim,MI,Civil,1987,39,(258)-264-7810,legal868.com,Michigan State Bar - dir.michbar.org
MI881016,Garan Lucow Miller - Antrim Office,Springfield,Antrim,MI,Litigation,2014,20,(912)-559-1821,legal18.com,Michigan State Bar - dir.michbar.org
MI398889,Honigman - Antrim Office,Springfield,Antrim,MI,Real Estate,2014,13,(930)-990-2346,legal758.com,Michigan State Bar - dir.michbar.org
MI131375,Law Firm,Springfield,Antrim,MI,Corporate,2011,49,(407)-863-3362,legal63.com,Michigan State Bar - dir.michbar.org
MI496263,Legal Group,Springfield,Antrim,MI,Real Estate,1963,26,(449)-578-7572,law904.com,Michigan State Bar - dir.michbar.org
MI885711,"Miller, Canfield, Paddock and Stone, PLC - Antrim Office",Springfield,Antrim,MI,Multi-specialty,2013,18,(836)-791-7133,firm357.com,Michigan State Bar - dir.michbar.org
MI735547,Partners,Springfield,Antrim,MI,Civil,1988,29,(515)-752-3207,legal615.com,Michigan State Bar - dir.michbar.org
MI971245,Plunkett Cooney - Antrim Office,Springfield,Antrim,MI,Corporate,1981,25,(694)-649-8784,law409.com,Michigan State Bar - dir.michbar.org
MI678630,Rodriguez & Associates,Springfield,Antrim,MI,General,1987,3,(955)-841-8147,legal701.com,Michigan State Bar - dir.michbar.org
MI971295,Sinas Dramis Busema - Antrim Office,Springfield,Antrim,MI,Civil,2009,2,(358)-716-3105,law786.com,Michigan State Bar - dir.michbar.org
MI293700,Smith & Associates,Springfield,Antrim,MI,General,1993,35,(450)-320-9024,legal391.com,Michigan State Bar - dir.michbar.org
MI878496,Bodman - Arenac Office,Springfield,Arenac,MI,Family,1955,22,(797)-344-3877,firm915.com,Michigan State Bar - dir.michbar.org
MI877900,Breen Tomlinson Fromm - Arenac Office,Springfield,Arenac,MI,Corporate,1951,27,(734)-408-9352,firm403.com,Michigan State Bar - dir.michbar.org
MI142248,Clark Hill - Arenac Office,Springfield,Arenac,MI,Litigation,1957,10,(680)-993-3869,firm209.com,Michigan State Bar - dir.michbar.org
MI598234,Davis & Associates,Springfield,Arenac,MI,Real Estate,1963,3,(583)-761-6962,legal599.com,Michigan State Bar - dir.michbar.org
MI438632,Dickinson Wright - Arenac Office,Springfield,Arenac,MI,Litigation,1997,35,(299)-597-4476,firm897.com,Michigan State Bar - dir.michbar.org
MI346079,Garcia & Associates,Springfield,Arenac,MI,Family,1958,28,(413)-443-7996,legal253.com,Michigan State Bar - dir.michbar.org
MI335607,Honigman - Arenac Office,Springfield,Arenac,MI,Civil,1982,34,(885)-847-1788,firm258.com,Michigan State Bar - dir.michbar.org
MI750521,Johnson & Associates,Springfield,Arenac,MI,Family,1954,40,(508)-961-1049,legal841.com,Michigan State Bar - dir.michbar.org
MI567772,Jones & Associates,Springfield,Arenac,MI,Family,2018,45,(709)-783-5267,law352.com,Michigan State Bar - dir.michbar.org
MI118615,Law Firm,Springfield,Arenac,MI,Family,1966,27,(572)-348-7810,firm663.com,Michigan State Bar - dir.michbar.org
MI725301,Legal Group,Springfield,Arenac,MI,Real Estate,2007,19,(526)-937-2369,law349.com,Michigan State Bar - dir.michbar.org
MI702303,Miller & Associates,Springfield,Arenac,MI,Multi-specialty,2016,18,(760)-599-6857,legal121.com,Michigan State Bar - dir.michbar.org
MI692501,Sinas Dramis Busema - Arenac Office,Springfield,Arenac,MI,Civil,1961,13,(797)-595-3660,law901.com,Michigan State Bar - dir.michbar.org
MI547447,Smith & Associates,Springfield,Arenac,MI,Multi-specialty,2010,15,(560)-228-8145,law432.com,Michigan State Bar - dir.michbar.org
MI183768,Warner Norcross & Judd - Arenac Office,Springfield,Arenac,MI,General,1961,5,(270)-745-2406,firm461.com,Michigan State Bar - dir.michbar.org
MI632223,Williams & Associates,Springfield,Arenac,MI,Real Estate,1954,24,(594)-273-8901,legal502.com,Michigan State Bar - dir.michbar.org
MI241704,Associates,Springfield,Baraga,MI,Civil,1981,10,(731)-326-6352,firm896.com,Michigan State Bar - dir.michbar.org
MI152255,Braun Kendrick Finkbeiner - Baraga Office,Springfield,Baraga,MI,Civil,1985,28,(895)-476-9843,law250.com,Michigan State Bar - dir.michbar.org
MI369579,Breen Tomlinson Fromm - Baraga Office,Springfield,Baraga,MI,Corporate,1955,21,(959)-978-5542,firm190.com,Michigan State Bar - dir.michbar.org
MI286899,Brown & Associates,Springfield,Baraga,MI,Corporate,2018,11,(330)-923-5101,legal538.com,Michigan State Bar - dir.michbar.org
MI447589,Davis & Associates,Springfield,Baraga,MI,Litigation,2002,22,(610)-524-6130,firm20.com,Michigan State Bar - dir.michbar.org
MI299970,Dickinson Wright - Baraga Office,Springfield,Baraga,MI,Multi-specialty,2009,47,(791)-257-4341,legal788.com,Michigan State Bar - dir.michbar.org
MI285809,Garcia & Associates,Springfield,Baraga,MI,Real Estate,1985,16,(317)-270-8335,legal380.com,Michigan State Bar - dir.michbar.org
MI613445,Honigman - Baraga Office,Springfield,Baraga,MI,Civil,2015,15,(430)-729-1486,law280.com,Michigan State Bar - dir.michbar.org
MI777164,Johnson & Associates,Springfield,Baraga,MI,Multi-specialty,2020,28,(766)-247-6286,legal214.com,Michigan State Bar - dir.michbar.org
MI662695,Jones & Associates,Springfield,Baraga,MI,Real Estate,1992,38,(783)-873-3275,firm181.com,Michigan State Bar - dir.michbar.org
MI347977,Latham & Watkins - Baraga Office,Springfield,Baraga,MI,Real Estate,1974,20,(527)-255-4378,firm734.com,Michigan State Bar - dir.michbar.org
MI711936,Law Firm,Springfield,Baraga,MI,Real Estate,2016,25,(517)-241-9848,legal295.com,Michigan State Bar - dir.michbar.org
MI974874,Miller & Associates,Springfield,Baraga,MI,Civil,1963,39,(265)-345-2981,firm649.com,Michigan State Bar - dir.michbar.org
MI732566,Partners,Springfield,Baraga,MI,Family,1988,8,(466)-694-7472,legal844.com,Michigan State Bar - dir.michbar.org
MI717652,Plunkett Cooney - Baraga Office,Springfield,Baraga,MI,Litigation,1988,30,(353)-631-1765,legal184.com,Michigan State Bar - dir.michbar.org
MI974624,Williams & Associates,Springfield,Baraga,MI,Corporate,1983,22,(682)-727-2459,legal164.com,Michigan State Bar - dir.michbar.org
MI494417,Associates,Springfield,Barry,MI,Civil,1983,49,(820)-263-9706,legal421.com,Michigan State Bar - dir.michbar.org
MI667870,Bodman - Barry Office,Springfield,Barry,MI,Litigation,1968,46,(589)-422-6880,law221.com,Michigan State Bar - dir.michbar.org
MI864661,Brown & Associates,Springfield,Barry,MI,Corporate,1967,37,(517)-466-6469,legal192.com,Michigan State Bar - dir.michbar.org
MI281006,Dickinson Wright - Barry Office,Springfield,Barry,MI,Civil,1956,13,(507)-222-3759,law697.com,Michigan State Bar - dir.michbar.org
MI449468,Dzurus PC - Barry Office,Springfield,Barry,MI,Litigation,2017,40,(807)-694-9724,law266.com,Michigan State Bar - dir.michbar.org
MI528463,Fraser Trebilcock - Barry Office,Springfield,Barry,MI,Family,1991,43,(216)-789-2988,law604.com,Michigan State Bar - dir.michbar.org
MI299600,Garcia & Associates,Springfield,Barry,MI,Civil,1983,14,(409)-680-7294,law851.com,Michigan State Bar - dir.michbar.org
MI360441,Honigman - Barry Office,Springfield,Barry,MI,Corporate,1989,13,(456)-534-5933,law459.com,Michigan State Bar - dir.michbar.org
MI528385,Johnson & Associates,Springfield,Barry,MI,General,1987,28,(493)-947-1704,legal226.com,Michigan State Bar - dir.michbar.org
MI807458,Jones & Associates,Springfield,Barry,MI,Litigation,2012,26,(546)-377-5008,law614.com,Michigan State Bar - dir.michbar.org
MI489181,Law Firm,Springfield,Barry,MI,Multi-specialty,1999,17,(254)-711-5386,firm756.com,Michigan State Bar - dir.michbar.org
MI267600,Legal Group,Springfield,Barry,MI,General,2001,34,(544)-355-2747,firm164.com,Michigan State Bar - dir.michbar.org
MI151686,Miller & Associates,Springfield,Barry,MI,Civil,2007,14,(461)-494-6875,legal699.com,Michigan State Bar - dir.michbar.org
MI364347,"Miller, Canfield, Paddock and Stone, PLC - Barry Office",Springfield,Barry,MI,Litigation,1984,24,(297)-369-4707,law443.com,Michigan State Bar - dir.michbar.org
MI561005,Plunkett Cooney - Barry Office,Springfield,Barry,MI,Litigation,1997,18,(543)-440-1123,law281.com,Michigan State Bar - dir.michbar.org
MI809447,Sinas Dramis Busema - Barry Office,Springfield,Barry,MI,Family,2004,32,(234)-322-5360,law86.com,Michigan State Bar - dir.michbar.org
MI992602,Smith & Associates,Springfield,Barry,MI,Multi-specialty,2008,15,(913)-823-5815,firm157.com,Michigan State Bar - dir.michbar.org
MI884033,Williams & Associates,Springfield,Barry,MI,Corporate,1964,26,(872)-325-2651,legal84.com,Michigan State Bar - dir.michbar.org
MI951595,Associates,Springfield,Bay,MI,General,2018,20,(399)-462-6500,law592.com,Michigan State Bar - dir.michbar.org
MI783401,Brown & Associates,Springfield,Bay,MI,Real Estate,1969,20,(753)-758-2383,law325.com,Michigan State Bar - dir.michbar.org
MI611956,Davis & Associates,Springfield,Bay,MI,Real Estate,2014,28,(251)-927-1395,law205.com,Michigan State Bar - dir.michbar.org
MI417570,Dykema - Bay Office,Springfield,Bay,MI,Litigation,1985,6,(322)-246-6276,law520.com,Michigan State Bar - dir.michbar.org
MI336050,Garan Lucow Miller - Bay Office,Springfield,Bay,MI,Litigation,1979,24,(842)-472-1688,firm860.com,Michigan State Bar - dir.michbar.org
MI384296,Jones & Associates,Springfield,Bay,MI,Litigation,1991,6,(872)-827-5718,law751.com,Michigan State Bar - dir.michbar.org
MI608928,Law Firm,Springfield,Bay,MI,Civil,1981,45,(223)-694-1856,firm53.com,Michigan State Bar - dir.michbar.org
MI819336,Legal Group,Springfield,Bay,MI,General,1958,35,(305)-304-4988,law424.com,Michigan State Bar - dir.michbar.org
MI516882,Miller & Associates,Springfield,Bay,MI,Litigation,1963,15,(458)-994-3056,legal55.com,Michigan State Bar - dir.michbar.org
MI246235,"Miller, Canfield, Paddock and Stone, PLC - Bay Office",Springfield,Bay,MI,Civil,1989,49,(415)-655-6984,firm837.com,Michigan State Bar - dir.michbar.org
MI812740,Partners,Springfield,Bay,MI,Civil,1982,4,(643)-575-1694,legal697.com,Michigan State Bar - dir.michbar.org
MI907674,Rodriguez & Associates,Springfield,Bay,MI,Family,2007,46,(678)-663-3054,legal252.com,Michigan State Bar - dir.michbar.org
MI818793,Sinas Dramis Busema - Bay Office,Springfield,Bay,MI,Civil,1960,12,(790)-212-6489,firm325.com,Michigan State Bar - dir.michbar.org
MI772089,Smith & Associates,Springfield,Bay,MI,General,1968,13,(346)-916-4211,firm415.com,Michigan State Bar - dir.michbar.org
MI388421,Warner Norcross & Judd - Bay Office,Springfield,Bay,MI,Litigation,1969,34,(779)-968-9946,law920.com,Michigan State Bar - dir.michbar.org
MI809153,Associates,Springfield,Benzie,MI,Corporate,1967,2,(709)-845-6450,legal984.com,Michigan State Bar - dir.michbar.org
MI277203,Braun Kendrick Finkbeiner - Benzie Office,Springfield,Benzie,MI,General,1954,29,(512)-651-9969,legal802.com,Michigan State Bar - dir.michbar.org
MI534801,Breen Tomlinson Fromm - Benzie Office,Springfield,Benzie,MI,Litigation,1974,11,(528)-507-7697,legal780.com,Michigan State Bar - dir.michbar.org
MI996970,Counsel,Springfield,Benzie,MI,General,1960,31,(291)-997-7393,firm38.com,Michigan State Bar - dir.michbar.org
MI232684,Davis & Associates,Springfield,Benzie,MI,Civil,1974,37,(529)-589-9730,firm57.com,Michigan State Bar - dir.michbar.org
MI223331,Garcia & Associates,Springfield,Benzie,MI,Corporate,1960,18,(455)-755-6545,firm743.com,Michigan State Bar - dir.michbar.org
MI446206,Law Firm,Springfield,Benzie,MI,Family,1955,19,(211)-821-6562,legal375.com,Michigan State Bar - dir.michbar.org
MI631339,Legal Group,Springfield,Benzie,MI,General,2017,1,(890)-574-6763,firm339.com,Michigan State Bar - dir.michbar.org
MI491301,Partners,Springfield,Benzie,MI,Real Estate,1990,22,(506)-380-6499,legal462.com,Michigan State Bar - dir.michbar.org
MI374931,Sinas Dramis Busema - Benzie Office,Springfield,Benzie,MI,Family,1999,35,(386)-441-8727,firm761.com,Michigan State Bar - dir.michbar.org
MI854729,Smith & Associates,Springfield,Benzie,MI,Litigation,1958,24,(699)-793-9316,law331.com,Michigan State Bar - dir.michbar.org
MI350544,Associates,Springfield,Berrien,MI,Multi-specialty,1997,41,(299)-764-4361,law875.com,Michigan State Bar - dir.michbar.org
MI934241,Braun Kendrick Finkbeiner - Berrien Office,Springfield,Berrien,MI,Real Estate,2009,34,(697)-311-8408,legal339.com,Michigan State Bar - dir.michbar.org
MI802274,Brown & Associates,Springfield,Berrien,MI,Multi-specialty,2011,17,(308)-353-8793,firm73.com,Michigan State Bar - dir.michbar.org
MI857579,Butzel Long - Berrien Office,Springfield,Berrien,MI,Real Estate,1951,41,(733)-529-7863,legal377.com,Michigan State Bar - dir.michbar.org
MI444603,Davis & Associates,Springfield,Berrien,MI,General,1972,22,(911)-419-6840,legal753.com,Michigan State Bar - dir.michbar.org
MI261244,Dzurus PC - Berrien Office,Springfield,Berrien,MI,Civil,2010,10,(544)-283-9966,legal996.com,Michigan State Bar - dir.michbar.org
MI718015,Garcia & Associates,Springfield,Berrien,MI,Family,1965,29,(805)-914-8743,firm532.com,Michigan State Bar - dir.michbar.org
MI662593,Honigman - Berrien Office,Springfield,Berrien,MI,Family,1994,9,(855)-466-1347,law817.com,Michigan State Bar - dir.michbar.org
MI761264,Johnson & Associates,Springfield,Berrien,MI,Family,2011,11,(555)-731-5525,law917.com,Michigan State Bar - dir.michbar.org
MI127579,Jones & Associates,Springfield,Berrien,MI,Corporate,2008,45,(835)-734-1299,legal947.com,Michigan State Bar - dir.michbar.org
MI336725,Law Firm,Springfield,Berrien,MI,Civil,1964,25,(812)-675-3631,firm612.com,Michigan State Bar - dir.michbar.org
MI218573,Legal Group,Springfield,Berrien,MI,Civil,1951,46,(590)-522-4678,firm793.com,Michigan State Bar - dir.michbar.org
MI519958,Miller & Associates,Springfield,Berrien,MI,Family,1980,8,(243)-239-2641,firm443.com,Michigan State Bar - dir.michbar.org
MI927035,Partners,Springfield,Berrien,MI,Real Estate,2000,39,(637)-704-1779,legal201.com,Michigan State Bar - dir.michbar.org
MI146093,Rodriguez & Associates,Springfield,Berrien,MI,Litigation,1988,23,(773)-710-2458,firm244.com,Michigan State Bar - dir.michbar.org
MI825765,Warner Norcross & Judd - Berrien Office,Springfield,Berrien,MI,Real Estate,1950,42,(740)-369-9666,firm939.com,Michigan State Bar - dir.michbar.org
MI309296,Associates,Springfield,Branch,MI,Real Estate,1969,31,(444)-794-8668,firm567.com,Michigan State Bar - dir.michbar.org
MI289471,Bodman - Branch Office,Springfield,Branch,MI,Real Estate,1979,27,(495)-243-4419,firm942.com,Michigan State Bar - dir.michbar.org
MI106381,Butzel Long - Branch Office,Springfield,Branch,MI,Multi-specialty,1965,49,(458)-675-6806,law948.com,Michigan State Bar - dir.michbar.org
MI998092,Clark Hill - Branch Office,Springfield,Branch,MI,Civil,1965,13,(546)-731-9712,legal755.com,Michigan State Bar - dir.michbar.org
MI769093,Davis & Associates,Springfield,Branch,MI,Litigation,1963,28,(306)-451-6238,law37.com,Michigan State Bar - dir.michbar.org
MI161981,Dickinson Wright - Branch Office,Springfield,Branch,MI,Civil,2000,2,(588)-398-2311,legal149.com,Michigan State Bar - dir.michbar.org
MI465091,Garcia & Associates,Springfield,Branch,MI,General,1973,33,(318)-378-8866,legal129.com,Michigan State Bar - dir.michbar.org
MI385624,Johnson & Associates,Springfield,Branch,MI,General,1970,34,(540)-360-1861,firm968.com,Michigan State Bar - dir.michbar.org
MI823304,Law Firm,Springfield,Branch,MI,Real Estate,1964,11,(252)-536-9744,law449.com,Michigan State Bar - dir.michbar.org
MI640797,Legal Group,Springfield,Branch,MI,General,1991,37,(506)-992-8653,legal600.com,Michigan State Bar - dir.michbar.org
MI188849,Miller & Associates,Springfield,Branch,MI,Corporate,2003,28,(359)-615-2074,firm518.com,Michigan State Bar - dir.michbar.org
MI370590,Partners,Springfield,Branch,MI,Litigation,1992,19,(315)-819-3416,legal887.com,Michigan State Bar - dir.michbar.org
MI854935,Rodriguez & Associates,Springfield,Branch,MI,Real Estate,1984,46,(356)-509-9733,firm261.com,Michigan State Bar - dir.michbar.org
MI406981,Williams & Associates,Springfield,Branch,MI,Family,1953,9,(980)-651-8132,firm353.com,Michigan State Bar - dir.michbar.org
MI388624,Associates,Springfield,Calhoun,MI,General,1961,9,(387)-967-6931,legal314.com,Michigan State Bar - dir.michbar.org
MI849866,Bodman - Calhoun Office,Springfield,Calhoun,MI,General,2019,31,(204)-739-4951,law648.com,Michigan State Bar - dir.michbar.org
MI246399,Braun Kendrick Finkbeiner - Calhoun Office,Springfield,Calhoun,MI,General,1973,43,(284)-992-6034,firm522.com,Michigan State Bar - dir.michbar.org
MI633054,Breen Tomlinson Fromm - Calhoun Office,Springfield,Calhoun,MI,General,2011,34,(730)-954-2987,firm887.com,Michigan State Bar - dir.michbar.org
MI395752,Brown & Associates,Springfield,Calhoun,MI,Multi-specialty,1985,8,(668)-921-8755,law192.com,Michigan State Bar - dir.michbar.org
MI768252,Davis & Associates,Springfield,Calhoun,MI,General,2014,46,(636)-299-4960,legal142.com,Michigan State Bar - dir.michbar.org
MI149421,Fraser Trebilcock - Calhoun Office,Springfield,Calhoun,MI,Family,1978,21,(601)-697-7042,law539.com,Michigan State Bar - dir.michbar.org
MI175709,Honigman - Calhoun Office,Springfield,Calhoun,MI,Corporate,2002,28,(302)-875-5152,firm659.com,Michigan State Bar - dir.michbar.org
MI372547,Johnson & Associates,Springfield,Calhoun,MI,General,1991,46,(985)-686-4227,law863.com,Michigan State Bar - dir.michbar.org
MI202229,Kitch Drutchas Wagner - Calhoun Office,Springfield,Calhoun,MI,Family,1962,34,(741)-446-8218,legal901.com,Michigan State Bar - dir.michbar.org
MI266398,Legal Group,Springfield,Calhoun,MI,Multi-specialty,1981,23,(694)-575-4163,firm828.com,Michigan State Bar - dir.michbar.org
MI241723,Miller & Associates,Springfield,Calhoun,MI,Multi-specialty,1991,7,(938)-425-7093,law725.com,Michigan State Bar - dir.michbar.org
MI995846,Miller Johnson - Calhoun Office,Springfield,Calhoun,MI,General,1954,22,(818)-615-9532,firm494.com,Michigan State Bar - dir.michbar.org
MI613864,Partners,Springfield,Calhoun,MI,General,1997,16,(759)-377-2874,legal169.com,Michigan State Bar - dir.michbar.org
MI905796,Sinas Dramis Busema - Calhoun Office,Springfield,Calhoun,MI,Civil,2002,17,(393)-620-7407,firm127.com,Michigan State Bar - dir.michbar.org
MI231277,Smith & Associates,Springfield,Calhoun,MI,Litigation,1952,29,(811)-552-7581,law601.com,Michigan State Bar - dir.michbar.org
MI822303,Warner Norcross & Judd - Calhoun Office,Springfield,Calhoun,MI,Corporate,1983,6,(558)-527-4365,legal477.com,Michigan State Bar - dir.michbar.org
MI180232,Williams & Associates,Springfield,Calhoun,MI,Family,2007,43,(919)-418-8527,legal594.com,Michigan State Bar - dir.michbar.org
MI147382,Associates,Springfield,Cass,MI,Corporate,1959,5,(736)-339-5637,legal496.com,Michigan State Bar - dir.michbar.org
MI915779,Clark Hill - Cass Office,Springfield,Cass,MI,General,2002,27,(430)-436-4762,legal146.com,Michigan State Bar - dir.michbar.org
MI214877,Davis & Associates,Springfield,Cass,MI,General,2011,35,(457)-704-9282,firm195.com,Michigan State Bar - dir.michbar.org
MI204901,Dykema - Cass Office,Springfield,Cass,MI,Litigation,2005,39,(365)-530-6892,law758.com,Michigan State Bar - dir.michbar.org
MI761716,Jones & Associates,Springfield,Cass,MI,General,1969,1,(458)-826-8997,legal114.com,Michigan State Bar - dir.michbar.org
MI234105,Law Firm,Springfield,Cass,MI,Family,1984,26,(918)-419-3552,firm329.com,Michigan State Bar - dir.michbar.org
MI693874,Miller & Associates,Springfield,Cass,MI,General,1997,16,(339)-822-3060,law239.com,Michigan State Bar - dir.michbar.org
MI469889,"Miller, Canfield, Paddock and Stone, PLC - Cass Office",Springfield,Cass,MI,Multi-specialty,2003,32,(413)-991-6549,law992.com,Michigan State Bar - dir.michbar.org
MI693131,Partners,Springfield,Cass,MI,Multi-specialty,1977,39,(243)-871-9550,law30.com,Michigan State Bar - dir.michbar.org
MI692929,Rodriguez & Associates,Springfield,Cass,MI,Civil,1997,15,(521)-984-1828,firm453.com,Michigan State Bar - dir.michbar.org
MI757088,Warner Norcross & Judd - Cass Office,Springfield,Cass,MI,General,1988,11,(839)-919-7857,legal196.com,Michigan State Bar - dir.michbar.org
MI682761,Associates,Springfield,Charlevoix,MI,Corporate,1976,9,(214)-984-3179,legal82.com,Michigan State Bar - dir.michbar.org
MI611923,Braun Kendrick Finkbeiner - Charlevoix Office,Springfield,Charlevoix,MI,Multi-specialty,2020,41,(541)-510-4182,firm952.com,Michigan State Bar - dir.michbar.org
MI762739,Brown & Associates,Springfield,Charlevoix,MI,Civil,2014,22,(527)-926-9862,firm850.com,Michigan State Bar - dir.michbar.org
MI562634,Butzel Long - Charlevoix Office,Springfield,Charlevoix,MI,Real Estate,2010,1,(286)-591-3305,legal167.com,Michigan State Bar - dir.michbar.org
MI517714,Counsel,Springfield,Charlevoix,MI,Civil,1965,24,(597)-837-8833,legal371.com,Michigan State Bar - dir.michbar.org
MI276081,Dickinson Wright - Charlevoix Office,Springfield,Charlevoix,MI,Multi-specialty,1981,17,(289)-204-5129,law557.com,Michigan State Bar - dir.michbar.org
MI909948,Dzurus PC - Charlevoix Office,Springfield,Charlevoix,MI,Civil,2014,28,(524)-417-5826,law224.com,Michigan State Bar - dir.michbar.org
MI236650,Kitch Drutchas Wagner - Charlevoix Office,Springfield,Charlevoix,MI,Multi-specialty,2017,18,(827)-961-7068,legal36.com,Michigan State Bar - dir.michbar.org
MI203364,Law Firm,Springfield,Charlevoix,MI,Multi-specialty,2004,38,(643)-697-5979,law134.com,Michigan State Bar - dir.michbar.org
MI864075,Miller & Associates,Springfield,Charlevoix,MI,Family,1952,17,(549)-617-8504,legal679.com,Michigan State Bar - dir.michbar.org
MI604641,Partners,Springfield,Charlevoix,MI,General,1988,35,(553)-378-6994,firm514.com,Michigan State Bar - dir.michbar.org
MI432202,Plunkett Cooney - Charlevoix Office,Springfield,Charlevoix,MI,Real Estate,2002,37,(923)-972-5728,firm616.com,Michigan State Bar - dir.michbar.org
MI353899,Rodriguez & Associates,Springfield,Charlevoix,MI,Multi-specialty,1992,45,(569)-426-1547,legal831.com,Michigan State Bar - dir.michbar.org
MI565869,Sinas Dramis Busema - Charlevoix Office,Springfield,Charlevoix,MI,Real Estate,1984,28,(493)-277-4031,law5.com,Michigan State Bar - dir.michbar.org
MI860527,Williams & Associates,Springfield,Charlevoix,MI,Civil,2011,41,(921)-656-9188,firm930.com,Michigan State Bar - dir.michbar.org
MI782671,Associates,Springfield,Cheboygan,MI,Real Estate,2013,40,(499)-479-6953,firm860.com,Michigan State Bar - dir.michbar.org
MI993491,Bodman - Cheboygan Office,Springfield,Cheboygan,MI,Multi-specialty,1970,24,(962)-633-2087,legal915.com,Michigan State Bar - dir.michbar.org
MI903776,Breen Tomlinson Fromm - Cheboygan Office,Springfield,Cheboygan,MI,Civil,1964,26,(890)-326-9075,firm999.com,Michigan State Bar - dir.michbar.org
MI760968,Butzel Long - Cheboygan Office,Springfield,Cheboygan,MI,Litigation,2001,37,(959)-581-5713,law429.com,Michigan State Bar - dir.michbar.org
MI212213,Counsel,Springfield,Cheboygan,MI,Family,1987,12,(371)-329-5026,legal977.com,Michigan State Bar - dir.michbar.org
MI437101,Davis & Associates,Springfield,Cheboygan,MI,General,1979,21,(843)-936-2791,firm563.com,Michigan State Bar - dir.michbar.org
MI477742,Fraser Trebilcock - Cheboygan Office,Springfield,Cheboygan,MI,General,1976,36,(341)-531-2029,firm682.com,Michigan State Bar - dir.michbar.org
MI686761,Garcia & Associates,Springfield,Cheboygan,MI,Multi-specialty,2003,25,(204)-348-5673,legal326.com,Michigan State Bar - dir.michbar.org
MI468099,Jones & Associates,Springfield,Cheboygan,MI,General,1963,35,(889)-820-8085,firm14.com,Michigan State Bar - dir.michbar.org
MI112238,Law Firm,Springfield,Cheboygan,MI,Multi-specialty,2017,15,(252)-966-3578,firm568.com,Michigan State Bar - dir.michbar.org
MI194226,Legal Group,Springfield,Cheboygan,MI,Family,2014,9,(697)-904-6925,law428.com,Michigan State Bar - dir.michbar.org
MI762637,Miller & Associates,Springfield,Cheboygan,MI,Corporate,1972,24,(654)-391-9477,law489.com,Michigan State Bar - dir.michbar.org
MI613246,Rodriguez & Associates,Springfield,Cheboygan,MI,Real Estate,2004,22,(245)-512-3391,firm380.com,Michigan State Bar - dir.michbar.org
MI398389,Associates,Springfield,Chippewa,MI,Corporate,1972,16,(769)-940-8296,law745.com,Michigan State Bar - dir.michbar.org
MI407335,Braun Kendrick Finkbeiner - Chippewa Office,Springfield,Chippewa,MI,Corporate,1955,21,(777)-481-8751,firm78.com,Michigan State Bar - dir.michbar.org
MI703470,Brown & Associates,Springfield,Chippewa,MI,Civil,2015,11,(571)-879-2122,firm661.com,Michigan State Bar - dir.michbar.org
MI437123,Counsel,Springfield,Chippewa,MI,Litigation,1985,14,(789)-610-2036,law212.com,Michigan State Bar - dir.michbar.org
MI891759,Davis & Associates,Springfield,Chippewa,MI,Real Estate,1976,16,(677)-655-4973,legal718.com,Michigan State Bar - dir.michbar.org
MI829659,Dykema - Chippewa Office,Springfield,Chippewa,MI,Litigation,2019,47,(776)-969-2201,firm415.com,Michigan State Bar - dir.michbar.org
MI290885,Dzurus PC - Chippewa Office,Springfield,Chippewa,MI,General,2011,5,(988)-253-1903,legal173.com,Michigan State Bar - dir.michbar.org
MI641628,Garcia & Associates,Springfield,Chippewa,MI,Civil,1959,39,(865)-750-3434,firm74.com,Michigan State Bar - dir.michbar.org
MI137460,Honigman - Chippewa Office,Springfield,Chippewa,MI,Litigation,1993,6,(929)-421-2805,law307.com,Michigan State Bar - dir.michbar.org
MI460323,"Jaffe, Raitt, Heuer & Weiss - Chippewa Office",Springfield,Chippewa,MI,Multi-specialty,1964,29,(587)-277-6511,law938.com,Michigan State Bar - dir.michbar.org
MI764757,Johnson & Associates,Springfield,Chippewa,MI,Corporate,1967,43,(479)-785-8796,legal579.com,Michigan State Bar - dir.michbar.org
MI543257,Law Firm,Springfield,Chippewa,MI,Corporate,1994,21,(318)-767-8511,law273.com,Michigan State Bar - dir.michbar.org
MI303216,Partners,Springfield,Chippewa,MI,Civil,1967,5,(623)-901-1175,firm552.com,Michigan State Bar - dir.michbar.org
MI924139,Plunkett Cooney - Chippewa Office,Springfield,Chippewa,MI,Civil,2005,4,(792)-227-3771,law472.com,Michigan State Bar - dir.michbar.org
MI239565,Rodriguez & Associates,Springfield,Chippewa,MI,Civil,1960,34,(681)-984-5251,firm234.com,Michigan State Bar - dir.michbar.org
MI384444,Varnum - Chippewa Office,Springfield,Chippewa,MI,Civil,1966,13,(393)-322-7594,legal613.com,Michigan State Bar - dir.michbar.org
MI797467,Breen Tomlinson Fromm - Clare Office,Springfield,Clare,MI,General,1990,37,(776)-892-1379,firm876.com,Michigan State Bar - dir.michbar.org
MI781365,Brown & Associates,Springfield,Clare,MI,Corporate,1950,36,(672)-522-8599,law978.com,Michigan State Bar - dir.michbar.org
MI103818,Butzel Long - Clare Office,Springfield,Clare,MI,Litigation,1959,27,(347)-637-3387,law73.com,Michigan State Bar - dir.michbar.org
MI502336,Counsel,Springfield,Clare,MI,General,1961,33,(875)-292-1887,law35.com,Michigan State Bar - dir.michbar.org
MI143138,Davis & Associates,Springfield,Clare,MI,Family,1964,44,(388)-733-9465,legal41.com,Michigan State Bar - dir.michbar.org
MI424177,Fraser Trebilcock - Clare Office,Springfield,Clare,MI,Family,1953,5,(573)-645-3215,firm271.com,Michigan State Bar - dir.michbar.org
MI118469,Garan Lucow Miller - Clare Office,Springfield,Clare,MI,Real Estate,1962,5,(766)-606-2325,firm860.com,Michigan State Bar - dir.michbar.org
MI124784,Garcia & Associates,Springfield,Clare,MI,Litigation,1994,7,(675)-918-2195,legal375.com,Michigan State Bar - dir.michbar.org
MI358776,Jones & Associates,Springfield,Clare,MI,General,2005,9,(373)-943-4180,legal111.com,Michigan State Bar - dir.michbar.org
MI657311,Law Firm,Springfield,Clare,MI,Multi-specialty,1978,36,(919)-604-4824,legal209.com,Michigan State Bar - dir.michbar.org
MI765177,Legal Group,Springfield,Clare,MI,Real Estate,1997,39,(411)-759-8036,legal260.com,Michigan State Bar - dir.michbar.org
MI925625,Miller & Associates,Springfield,Clare,MI,Litigation,1966,14,(891)-345-1862,firm948.com,Michigan State Bar - dir.michbar.org
MI868521,Partners,Springfield,Clare,MI,General,1988,20,(334)-955-8308,firm831.com,Michigan State Bar - dir.michbar.org
MI918688,Smith & Associates,Springfield,Clare,MI,Real Estate,1990,16,(260)-479-7495,law457.com,Michigan State Bar - dir.michbar.org
MI940031,Associates,Springfield,Clinton,MI,Real Estate,1991,21,(226)-307-1468,law403.com,Michigan State Bar - dir.michbar.org
MI807537,Braun Kendrick Finkbeiner - Clinton Office,Springfield,Clinton,MI,Real Estate,1965,37,(980)-809-2120,firm517.com,Michigan State Bar - dir.michbar.org
MI890791,Butzel Long - Clinton Office,Springfield,Clinton,MI,Multi-specialty,1992,19,(974)-852-7668,firm703.com,Michigan State Bar - dir.michbar.org
MI568211,Counsel,Springfield,Clinton,MI,Litigation,1979,7,(461)-576-2426,firm538.com,Michigan State Bar - dir.michbar.org
MI881962,Davis & Associates,Springfield,Clinton,MI,Litigation,1996,10,(324)-388-9358,firm796.com,Michigan State Bar - dir.michbar.org
MI779479,Dzurus PC - Clinton Office,Springfield,Clinton,MI,Real Estate,2016,34,(947)-825-3371,firm70.com,Michigan State Bar - dir.michbar.org
MI363349,Garcia & Associates,Springfield,Clinton,MI,Family,1974,18,(396)-526-2257,law657.com,Michigan State Bar - dir.michbar.org
MI827033,Honigman - Clinton Office,Springfield,Clinton,MI,Family,1991,48,(323)-439-6877,law770.com,Michigan State Bar - dir.michbar.org
MI746527,"Jaffe, Raitt, Heuer & Weiss - Clinton Office",Springfield,Clinton,MI,Litigation,2001,38,(279)-516-2486,firm430.com,Michigan State Bar - dir.michbar.org
MI811653,Johnson & Associates,Springfield,Clinton,MI,Corporate,1991,17,(909)-241-6296,law957.com,Michigan State Bar - dir.michbar.org
MI543311,Law Firm,Springfield,Clinton,MI,Corporate,1981,18,(234)-658-8008,legal675.com,Michigan State Bar - dir.michbar.org
MI354421,Miller & Associates,Springfield,Clinton,MI,Family,1992,40,(669)-995-4829,law882.com,Michigan State Bar - dir.michbar.org
MI939264,"Miller, Canfield, Paddock and Stone, PLC - Clinton Office",Springfield,Clinton,MI,Multi-specialty,1970,46,(833)-654-7495,legal294.com,Michigan State Bar - dir.michbar.org
MI715399,Partners,Springfield,Clinton,MI,Litigation,2013,34,(767)-229-9586,firm756.com,Michigan State Bar - dir.michbar.org
MI226807,Plunkett Cooney - Clinton Office,Springfield,Clinton,MI,Real Estate,2009,27,(592)-498-5052,legal906.com,Michigan State Bar - dir.michbar.org
MI496290,Warner Norcross & Judd - Clinton Office,Springfield,Clinton,MI,Family,1993,36,(474)-300-7428,firm523.com,Michigan State Bar - dir.michbar.org
MI337623,Williams & Associates,Springfield,Clinton,MI,Family,1991,19,(685)-553-6514,legal120.com,Michigan State Bar - dir.michbar.org
MI538442,Associates,Springfield,Crawford,MI,General,1982,12,(282)-223-1052,legal825.com,Michigan State Bar - dir.michbar.org
MI394913,Bodman - Crawford Office,Springfield,Crawford,MI,Civil,1977,22,(397)-292-3635,firm236.com,Michigan State Bar - dir.michbar.org
MI775366,Braun Kendrick Finkbeiner - Crawford Office,Springfield,Crawford,MI,Real Estate,1959,40,(787)-658-4585,firm235.com,Michigan State Bar - dir.michbar.org
MI780824,Brown & Associates,Springfield,Crawford,MI,Litigation,1954,14,(293)-884-6558,law148.com,Michigan State Bar - dir.michbar.org
MI534958,Counsel,Springfield,Crawford,MI,Family,1950,24,(451)-500-5135,law742.com,Michigan State Bar - dir.michbar.org
MI685589,Dykema - Crawford Office,Springfield,Crawford,MI,Multi-specialty,1951,35,(852)-662-1136,firm741.com,Michigan State Bar - dir.michbar.org
MI579959,Dzurus PC - Crawford Office,Springfield,Crawford,MI,Multi-specialty,1992,27,(392)-931-2535,law479.com,Michigan State Bar - dir.michbar.org
MI126823,Honigman - Crawford Office,Springfield,Crawford,MI,General,1979,34,(472)-952-7379,firm174.com,Michigan State Bar - dir.michbar.org
MI433093,"Jaffe, Raitt, Heuer & Weiss - Crawford Office",Springfield,Crawford,MI,Multi-specialty,1967,8,(797)-837-6378,legal204.com,Michigan State Bar - dir.michbar.org
MI198717,Jones & Associates,Springfield,Crawford,MI,General,1989,21,(433)-216-8488,law33.com,Michigan State Bar - dir.michbar.org
MI767192,Law Firm,Springfield,Crawford,MI,Real Estate,1988,43,(318)-332-6272,firm735.com,Michigan State Bar - dir.michbar.org
MI595436,Legal Group,Springfield,Crawford,MI,Real Estate,1990,25,(779)-599-8524,legal894.com,Michigan State Bar - dir.michbar.org
MI730578,Rodriguez & Associates,Springfield,Crawford,MI,General,1968,3,(973)-752-6359,legal67.com,Michigan State Bar - dir.michbar.org
MI684556,Smith & Associates,Springfield,Crawford,MI,Multi-specialty,1973,31,(687)-220-5676,law126.com,Michigan State Bar - dir.michbar.org
MI603905,Varnum - Crawford Office,Springfield,Crawford,MI,Family,2016,20,(645)-820-9764,firm409.com,Michigan State Bar - dir.michbar.org
MI255282,Butzel Long - Delta Office,Springfield,Delta,MI,Multi-specialty,2002,4,(370)-316-6490,firm829.com,Michigan State Bar - dir.michbar.org
MI845313,Counsel,Springfield,Delta,MI,Multi-specialty,2016,9,(456)-931-8004,firm457.com,Michigan State Bar - dir.michbar.org
MI484027,Dickinson Wright - Delta Office,Springfield,Delta,MI,Multi-specialty,2013,28,(847)-565-5282,law645.com,Michigan State Bar - dir.michbar.org
MI399694,Honigman - Delta Office,Springfield,Delta,MI,Real Estate,1963,32,(694)-756-7102,law153.com,Michigan State Bar - dir.michbar.org
MI678916,Johnson & Associates,Springfield,Delta,MI,General,1999,40,(651)-960-6246,law9.com,Michigan State Bar - dir.michbar.org
MI589700,Kitch Drutchas Wagner - Delta Office,Springfield,Delta,MI,Multi-specialty,1987,43,(596)-657-2406,firm408.com,Michigan State Bar - dir.michbar.org
MI475721,Law Firm,Springfield,Delta,MI,Corporate,1958,27,(234)-229-8600,law494.com,Michigan State Bar - dir.michbar.org
MI808970,Legal Group,Springfield,Delta,MI,Multi-specialty,1991,47,(649)-424-5380,legal143.com,Michigan State Bar - dir.michbar.org
MI566377,"Miller, Canfield, Paddock and Stone, PLC - Delta Office",Springfield,Delta,MI,General,2011,20,(789)-813-8740,firm368.com,Michigan State Bar - dir.michbar.org
MI436667,Partners,Springfield,Delta,MI,Multi-specialty,2000,35,(513)-386-2657,legal137.com,Michigan State Bar - dir.michbar.org
MI428685,Varnum - Delta Office,Springfield,Delta,MI,Corporate,1966,8,(559)-986-7039,legal841.com,Michigan State Bar - dir.michbar.org
MI663549,Associates,Springfield,Dewitt,MI,Family,2009,47,(292)-486-4241,firm321.com,Michigan State Bar - dir.michbar.org
MI861917,Bodman - Dewitt Office,Springfield,Dewitt,MI,Litigation,1975,22,(941)-704-2277,law879.com,Michigan State Bar - dir.michbar.org
MI549798,Braun Kendrick Finkbeiner - Dewitt Office,Springfield,Dewitt,MI,Civil,1967,7,(543)-454-5359,firm905.com,Michigan State Bar - dir.michbar.org
MI107774,Breen Tomlinson Fromm - Dewitt Office,Springfield,Dewitt,MI,Multi-specialty,2017,47,(757)-531-3967,legal152.com,Michigan State Bar - dir.michbar.org
MI333373,Butzel Long - Dewitt Office,Springfield,Dewitt,MI,General,2015,48,(699)-341-5629,law986.com,Michigan State Bar - dir.michbar.org
MI365842,Garan Lucow Miller - Dewitt Office,Springfield,Dewitt,MI,Family,1966,39,(505)-257-6874,firm994.com,Michigan State Bar - dir.michbar.org
MI188614,Garcia & Associates,Springfield,Dewitt,MI,Family,1970,18,(757)-828-9390,law783.com,Michigan State Bar - dir.michbar.org
MI703618,Honigman - Dewitt Office,Springfield,Dewitt,MI,Corporate,1971,16,(919)-950-8387,firm984.com,Michigan State Bar - dir.michbar.org
MI903167,Law Firm,Springfield,Dewitt,MI,Litigation,1969,20,(953)-978-6320,firm32.com,Michigan State Bar - dir.michbar.org
MI746956,Legal Group,Springfield,Dewitt,MI,General,1987,49,(358)-229-2126,firm518.com,Michigan State Bar - dir.michbar.org
MI831088,Miller & Associates,Springfield,Dewitt,MI,Real Estate,1959,14,(708)-325-4270,law379.com,Michigan State Bar - dir.michbar.org
MI247928,Miller Johnson - Dewitt Office,Springfield,Dewitt,MI,Litigation,1962,48,(718)-720-7225,legal958.com,Michigan State Bar - dir.michbar.org
MI443526,"Miller, Canfield, Paddock and Stone, PLC - Dewitt Office",Springfield,Dewitt,MI,Multi-specialty,2011,20,(957)-209-3190,law774.com,Michigan State Bar - dir.michbar.org
MI214803,Partners,Springfield,Dewitt,MI,Litigation,1959,32,(899)-321-9979,legal823.com,Michigan State Bar - dir.michbar.org
MI590258,Plunkett Cooney - Dewitt Office,Springfield,Dewitt,MI,Litigation,2008,18,(475)-498-8922,legal44.com,Michigan State Bar - dir.michbar.org
MI962999,Smith & Associates,Springfield,Dewitt,MI,General,1976,9,(725)-716-3962,firm488.com,Michigan State Bar - dir.michbar.org
MI467938,Williams & Associates,Springfield,Dewitt,MI,Family,2016,38,(748)-392-1480,legal59.com,Michigan State Bar - dir.michbar.org
MI715644,Associates,Springfield,Dickinson,MI,Corporate,2012,39,(985)-691-7298,firm979.com,Michigan State Bar - dir.michbar.org
MI996663,Breen Tomlinson Fromm - Dickinson Office,Springfield,Dickinson,MI,Multi-specialty,2018,8,(867)-499-9292,firm321.com,Michigan State Bar - dir.michbar.org
MI819829,Brown & Associates,Springfield,Dickinson,MI,Civil,2003,32,(354)-996-5668,law364.com,Michigan State Bar - dir.michbar.org
MI652079,Butzel Long - Dickinson Office,Springfield,Dickinson,MI,General,1998,34,(646)-440-9163,law276.com,Michigan State Bar - dir.michbar.org
MI466842,Counsel,Springfield,Dickinson,MI,Litigation,1951,42,(409)-207-3490,law181.com,Michigan State Bar - dir.michbar.org
MI691998,Garan Lucow Miller - Dickinson Office,Springfield,Dickinson,MI,Family,1989,29,(263)-980-3905,firm555.com,Michigan State Bar - dir.michbar.org
MI338132,Garcia & Associates,Springfield,Dickinson,MI,Multi-specialty,1958,11,(251)-699-1726,law111.com,Michigan State Bar - dir.michbar.org
MI814982,Honigman - Dickinson Office,Springfield,Dickinson,MI,Multi-specialty,1959,40,(292)-397-8227,firm210.com,Michigan State Bar - dir.michbar.org
MI104679,Jones & Associates,Springfield,Dickinson,MI,General,2002,44,(675)-885-6457,firm383.com,Michigan State Bar - dir.michbar.org
MI412664,Kitch Drutchas Wagner - Dickinson Office,Springfield,Dickinson,MI,General,1956,37,(452)-949-1656,firm739.com,Michigan State Bar - dir.michbar.org
MI341912,Latham & Watkins - Dickinson Office,Springfield,Dickinson,MI,Multi-specialty,1970,3,(921)-530-3096,legal886.com,Michigan State Bar - dir.michbar.org
MI206963,Partners,Springfield,Dickinson,MI,Multi-specialty,1967,25,(331)-981-8201,firm980.com,Michigan State Bar - dir.michbar.org
MI889535,Plunkett Cooney - Dickinson Office,Springfield,Dickinson,MI,Civil,1982,4,(216)-466-8580,legal357.com,Michigan State Bar - dir.michbar.org
MI823041,Associates,Springfield,Eaton,MI,Corporate,1977,7,(228)-404-3237,legal892.com,Michigan State Bar - dir.michbar.org
MI972605,Breen Tomlinson Fromm - Eaton Office,Springfield,Eaton,MI,Corporate,1958,23,(806)-614-8103,law559.com,Michigan State Bar - dir.michbar.org
MI557966,Clark Hill - Eaton Office,Springfield,Eaton,MI,Corporate,2017,2,(254)-805-1424,law879.com,Michigan State Bar - dir.michbar.org
MI214536,Counsel,Springfield,Eaton,MI,General,1984,25,(504)-376-7654,legal253.com,Michigan State Bar - dir.michbar.org
MI750927,Davis & Associates,Springfield,Eaton,MI,General,2004,37,(895)-806-1508,legal651.com,Michigan State Bar - dir.michbar.org
MI582504,Garcia & Associates,Springfield,Eaton,MI,Multi-specialty,2009,13,(401)-815-1908,firm803.com,Michigan State Bar - dir.michbar.org
MI668629,Johnson & Associates,Springfield,Eaton,MI,General,1972,19,(269)-971-2613,law566.com,Michigan State Bar - dir.michbar.org
MI129425,Law Firm,Springfield,Eaton,MI,Family,2010,39,(515)-694-1466,legal176.com,Michigan State Bar - dir.michbar.org
MI220390,Legal Group,Springfield,Eaton,MI,Litigation,1977,18,(767)-629-9314,legal360.com,Michigan State Bar - dir.michbar.org
MI470201,Miller & Associates,Springfield,Eaton,MI,Civil,1999,48,(401)-334-3042,law987.com,Michigan State Bar - dir.michbar.org
MI213616,Partners,Springfield,Eaton,MI,Civil,1970,5,(884)-947-4851,legal385.com,Michigan State Bar - dir.michbar.org
MI956393,Varnum - Eaton Office,Springfield,Eaton,MI,Multi-specialty,2013,31,(210)-626-4995,law731.com,Michigan State Bar - dir.michbar.org
MI542996,Williams & Associates,Springfield,Eaton,MI,General,1973,1,(418)-411-5750,law581.com,Michigan State Bar - dir.michbar.org
MI693402,Associates,Springfield,Emmet,MI,Civil,1980,39,(651)-700-3071,law87.com,Michigan State Bar - dir.michbar.org
MI979320,Butzel Long - Emmet Office,Springfield,Emmet,MI,Multi-specialty,2019,21,(931)-206-5790,firm666.com,Michigan State Bar - dir.michbar.org
MI389504,Counsel,Springfield,Emmet,MI,Litigation,1952,40,(233)-283-8204,firm700.com,Michigan State Bar - dir.michbar.org
MI446897,Dykema - Emmet Office,Springfield,Emmet,MI,Corporate,1962,33,(314)-912-4424,legal293.com,Michigan State Bar - dir.michbar.org
MI497511,Fraser Trebilcock - Emmet Office,Springfield,Emmet,MI,Litigation,1987,23,(585)-817-8041,firm245.com,Michigan State Bar - dir.michbar.org
MI161033,"Jaffe, Raitt, Heuer & Weiss - Emmet Office",Springfield,Emmet,MI,Family,2007,40,(359)-335-7710,firm488.com,Michigan State Bar - dir.michbar.org
MI379095,Jones & Associates,Springfield,Emmet,MI,Corporate,2006,22,(901)-493-1932,law587.com,Michigan State Bar - dir.michbar.org
MI154941,Miller & Associates,Springfield,Emmet,MI,Real Estate,1982,11,(450)-659-3791,legal808.com,Michigan State Bar - dir.michbar.org
MI153290,Miller Johnson - Emmet Office,Springfield,Emmet,MI,Real Estate,2003,43,(382)-268-6913,law515.com,Michigan State Bar - dir.michbar.org
MI596635,"Miller, Canfield, Paddock and Stone, PLC - Emmet Office",Springfield,Emmet,MI,Litigation,1976,35,(369)-606-9767,law684.com,Michigan State Bar - dir.michbar.org
MI795820,Partners,Springfield,Emmet,MI,Multi-specialty,1985,45,(341)-721-8394,legal300.com,Michigan State Bar - dir.michbar.org
MI757702,Rodriguez & Associates,Springfield,Emmet,MI,Real Estate,1986,5,(409)-291-4293,law150.com,Michigan State Bar - dir.michbar.org
MI699187,Associates,Flint,Genesee,MI,Multi-specialty,1980,35,(592)-847-6398,firm860.com,Michigan State Bar - dir.michbar.org
MI954345,Braun Kendrick Finkbeiner - Genesee Office,Flint,Genesee,MI,General,2010,5,(396)-787-7257,legal785.com,Michigan State Bar - dir.michbar.org
MI724453,Brown & Associates,Flint,Genesee,MI,Civil,1995,48,(710)-508-2536,firm192.com,Michigan State Bar - dir.michbar.org
MI394533,Clark Hill - Genesee Office,Flint,Genesee,MI,Family,1989,22,(499)-402-2950,law32.com,Michigan State Bar - dir.michbar.org
MI141485,Counsel,Flint,Genesee,MI,Litigation,1967,5,(455)-859-7848,law162.com,Michigan State Bar - dir.michbar.org
MI549549,"Jaffe, Raitt, Heuer & Weiss - Genesee Office",Flint,Genesee,MI,General,1988,48,(373)-476-5524,legal64.com,Michigan State Bar - dir.michbar.org
MI330237,Jones & Associates,Flint,Genesee,MI,Civil,1956,17,(745)-693-8085,law163.com,Michigan State Bar - dir.michbar.org
MI340068,Law Firm,Flint,Genesee,MI,Civil,2012,19,(581)-783-3146,legal143.com,Michigan State Bar - dir.michbar.org
MI246216,Legal Group,Flint,Genesee,MI,Litigation,2004,43,(216)-350-7594,legal136.com,Michigan State Bar - dir.michbar.org
MI798462,"Miller, Canfield, Paddock and Stone, PLC - Genesee Office",Flint,Genesee,MI,Corporate,2018,19,(568)-895-3335,legal272.com,Michigan State Bar - dir.michbar.org
MI712962,Smith & Associates,Flint,Genesee,MI,Corporate,1965,29,(885)-573-9297,law368.com,Michigan State Bar - dir.michbar.org
MI208881,Associates,Springfield,Gladwin,MI,Family,2017,6,(274)-440-1714,firm938.com,Michigan State Bar - dir.michbar.org
MI479133,Bodman - Gladwin Office,Springfield,Gladwin,MI,Corporate,1955,41,(448)-860-9082,law72.com,Michigan State Bar - dir.michbar.org
MI981074,Breen Tomlinson Fromm - Gladwin Office,Springfield,Gladwin,MI,Litigation,1956,32,(775)-414-7294,firm669.com,Michigan State Bar - dir.michbar.org
MI492407,Counsel,Springfield,Gladwin,MI,Family,1990,37,(312)-907-2813,firm60.com,Michigan State Bar - dir.michbar.org
MI151460,Davis & Associates,Springfield,Gladwin,MI,Corporate,1991,23,(261)-892-9257,legal390.com,Michigan State Bar - dir.michbar.org
MI348526,Dickinson Wright - Gladwin Office,Springfield,Gladwin,MI,General,1996,3,(915)-852-7247,firm739.com,Michigan State Bar - dir.michbar.org
MI780971,Garcia & Associates,Springfield,Gladwin,MI,Corporate,1987,7,(974)-997-6489,firm771.com,Michigan State Bar - dir.michbar.org
MI313279,Law Firm,Springfield,Gladwin,MI,Real Estate,1984,18,(423)-637-9009,firm819.com,Michigan State Bar - dir.michbar.org
MI258338,Legal Group,Springfield,Gladwin,MI,General,1986,39,(442)-547-5992,firm655.com,Michigan State Bar - dir.michbar.org
MI903298,Miller & Associates,Springfield,Gladwin,MI,Real Estate,1962,30,(249)-648-2525,law94.com,Michigan State Bar - dir.michbar.org
MI767974,"Miller, Canfield, Paddock and Stone, PLC - Gladwin Office",Springfield,Gladwin,MI,General,1999,40,(762)-966-1620,firm828.com,Michigan State Bar - dir.michbar.org
MI913276,Plunkett Cooney - Gladwin Office,Springfield,Gladwin,MI,Litigation,1950,8,(217)-674-1652,legal751.com,Michigan State Bar - dir.michbar.org
MI523202,Smith & Associates,Springfield,Gladwin,MI,Real Estate,1989,4,(773)-684-7165,firm395.com,Michigan State Bar - dir.michbar.org
MI241688,Warner Norcross & Judd - Gladwin Office,Springfield,Gladwin,MI,Civil,1955,3,(833)-706-1771,firm450.com,Michigan State Bar - dir.michbar.org
MI148230,Williams & Associates,Springfield,Gladwin,MI,Corporate,1967,37,(784)-636-7288,firm45.com,Michigan State Bar - dir.michbar.org
MI272692,Associates,Springfield,Gogebic,MI,General,1961,47,(772)-745-8332,legal444.com,Michigan State Bar - dir.michbar.org
MI959521,Bodman - Gogebic Office,Springfield,Gogebic,MI,Civil,1973,44,(200)-333-8514,firm886.com,Michigan State Bar - dir.michbar.org
MI886282,Braun Kendrick Finkbeiner - Gogebic Office,Springfield,Gogebic,MI,Multi-specialty,2011,49,(430)-838-7640,legal369.com,Michigan State Bar - dir.michbar.org
MI196261,Counsel,Springfield,Gogebic,MI,Real Estate,1986,29,(816)-484-2460,firm284.com,Michigan State Bar - dir.michbar.org
MI872308,Dickinson Wright - Gogebic Office,Springfield,Gogebic,MI,Multi-specialty,2001,34,(858)-855-5682,firm992.com,Michigan State Bar - dir.michbar.org
MI509115,Fraser Trebilcock - Gogebic Office,Springfield,Gogebic,MI,Real Estate,2006,24,(617)-438-7501,legal551.com,Michigan State Bar - dir.michbar.org
MI453103,Garcia & Associates,Springfield,Gogebic,MI,Litigation,2009,9,(319)-317-6455,law275.com,Michigan State Bar - dir.michbar.org
MI842334,"Jaffe, Raitt, Heuer & Weiss - Gogebic Office",Springfield,Gogebic,MI,Family,2001,45,(733)-839-9048,firm604.com,Michigan State Bar - dir.michbar.org
MI289120,Legal Group,Springfield,Gogebic,MI,Family,2012,26,(481)-373-5235,firm571.com,Michigan State Bar - dir.michbar.org
MI799524,Miller & Associates,Springfield,Gogebic,MI,Family,1987,19,(949)-683-9775,law52.com,Michigan State Bar - dir.michbar.org
MI753431,Varnum - Gogebic Office,Springfield,Gogebic,MI,Litigation,1971,44,(516)-420-6451,firm983.com,Michigan State Bar - dir.michbar.org
MI611264,Warner Norcross & Judd - Gogebic Office,Springfield,Gogebic,MI,Litigation,2001,35,(353)-728-5232,firm945.com,Michigan State Bar - dir.michbar.org
MI432270,Williams & Associates,Springfield,Gogebic,MI,Civil,1993,19,(913)-290-8670,legal826.com,Michigan State Bar - dir.michbar.org
MI108131,Associates,Springfield,Grand Traverse,MI,Family,1990,45,(803)-267-8858,law148.com,Michigan State Bar - dir.michbar.org
MI725481,Brown & Associates,Springfield,Grand Traverse,MI,General,1960,29,(726)-852-3989,legal71.com,Michigan State Bar - dir.michbar.org
MI114552,Clark Hill - Grand Traverse Office,Springfield,Grand Traverse,MI,Civil,2005,19,(671)-603-1899,firm525.com,Michigan State Bar - dir.michbar.org
MI576407,Counsel,Springfield,Grand Traverse,MI,Real Estate,2015,15,(234)-893-7499,firm256.com,Michigan State Bar - dir.michbar.org
MI752106,Davis & Associates,Springfield,Grand Traverse,MI,Family,1960,24,(933)-242-1125,law453.com,Michigan State Bar - dir.michbar.org
MI903828,Dykema - Grand Traverse Office,Springfield,Grand Traverse,MI,Multi-specialty,1961,35,(601)-486-7787,legal885.com,Michigan State Bar - dir.michbar.org
MI474114,Garan Lucow Miller - Grand Traverse Office,Springfield,Grand Traverse,MI,Real Estate,1968,39,(807)-269-2989,firm585.com,Michigan State Bar - dir.michbar.org
MI573291,Johnson & Associates,Springfield,Grand Traverse,MI,Family,1967,13,(324)-784-5839,legal699.com,Michigan State Bar - dir.michbar.org
MI947881,Jones & Associates,Springfield,Grand Traverse,MI,General,1964,50,(767)-289-5203,law141.com,Michigan State Bar - dir.michbar.org
MI620833,Law Firm,Springfield,Grand Traverse,MI,Multi-specialty,1977,40,(915)-850-6843,firm988.com,Michigan State Bar - dir.michbar.org
MI624027,Legal Group,Springfield,Grand Traverse,MI,Family,1990,28,(325)-457-8661,legal302.com,Michigan State Bar - dir.michbar.org
MI784974,Partners,Springfield,Grand Traverse,MI,Real Estate,1997,5,(327)-548-3816,legal824.com,Michigan State Bar - dir.michbar.org
MI975298,Plunkett Cooney - Grand Traverse Office,Springfield,Grand Traverse,MI,Civil,2014,24,(869)-511-8569,legal648.com,Michigan State Bar - dir.michbar.org
MI116350,Rodriguez & Associates,Springfield,Grand Traverse,MI,Real Estate,1970,13,(914)-321-2964,legal82.com,Michigan State Bar - dir.michbar.org
MI758313,Sinas Dramis Busema - Grand Traverse Office,Springfield,Grand Traverse,MI,General,2010,9,(436)-555-4929,firm504.com,Michigan State Bar - dir.michbar.org
MI907300,Smith & Associates,Springfield,Grand Traverse,MI,Corporate,2017,50,(266)-429-6580,firm417.com,Michigan State Bar - dir.michbar.org
MI845355,Williams & Associates,Springfield,Grand Traverse,MI,General,1977,44,(628)-224-5258,legal64.com,Michigan State Bar - dir.michbar.org
MI236842,Associates,Springfield,Gratiot,MI,Corporate,1958,46,(567)-243-8900,legal487.com,Michigan State Bar - dir.michbar.org
MI341511,Braun Kendrick Finkbeiner - Gratiot Office,Springfield,Gratiot,MI,General,2012,46,(524)-730-3320,law673.com,Michigan State Bar - dir.michbar.org
MI538486,Breen Tomlinson Fromm - Gratiot Office,Springfield,Gratiot,MI,General,2000,25,(952)-898-4804,law117.com,Michigan State Bar - dir.michbar.org
MI468472,Brown & Associates,Springfield,Gratiot,MI,General,1999,41,(591)-677-7741,law92.com,Michigan State Bar - dir.michbar.org
MI216999,Butzel Long - Gratiot Office,Springfield,Gratiot,MI,Real Estate,1994,45,(530)-366-6215,firm838.com,Michigan State Bar - dir.michbar.org
MI920124,Counsel,Springfield,Gratiot,MI,Real Estate,1976,45,(975)-291-1006,firm109.com,Michigan State Bar - dir.michbar.org
MI124105,Dzurus PC - Gratiot Office,Springfield,Gratiot,MI,Multi-specialty,1998,48,(544)-451-8388,law678.com,Michigan State Bar - dir.michbar.org
MI976238,Garcia & Associates,Springfield,Gratiot,MI,Family,1996,32,(346)-718-7349,law499.com,Michigan State Bar - dir.michbar.org
MI139492,"Jaffe, Raitt, Heuer & Weiss - Gratiot Office",Springfield,Gratiot,MI,Civil,1964,17,(914)-421-6171,legal191.com,Michigan State Bar - dir.michbar.org
MI389016,Johnson & Associates,Springfield,Gratiot,MI,Corporate,1966,29,(232)-383-9405,legal486.com,Michigan State Bar - dir.michbar.org
MI139027,Law Firm,Springfield,Gratiot,MI,General,2012,40,(253)-582-2510,law417.com,Michigan State Bar - dir.michbar.org
MI114277,Legal Group,Springfield,Gratiot,MI,Civil,1962,33,(527)-541-1550,legal626.com,Michigan State Bar - dir.michbar.org
MI787817,Partners,Springfield,Gratiot,MI,Real Estate,2003,16,(397)-613-6776,legal702.com,Michigan State Bar - dir.michbar.org
MI641256,Rodriguez & Associates,Springfield,Gratiot,MI,Corporate,2002,42,(918)-658-3791,firm221.com,Michigan State Bar - dir.michbar.org
MI557573,Smith & Associates,Springfield,Gratiot,MI,Family,2012,2,(524)-536-7377,firm244.com,Michigan State Bar - dir.michbar.org
MI904663,Varnum - Gratiot Office,Springfield,Gratiot,MI,Family,2015,9,(928)-856-4010,legal845.com,Michigan State Bar - dir.michbar.org
MI781004,Warner Norcross & Judd - Gratiot Office,Springfield,Gratiot,MI,Multi-specialty,1994,25,(379)-612-6805,firm973.com,Michigan State Bar - dir.michbar.org
MI839867,Williams & Associates,Springfield,Gratiot,MI,General,1956,27,(861)-465-6204,firm503.com,Michigan State Bar - dir.michbar.org
MI934368,Associates,Springfield,Grayling,MI,Corporate,1971,36,(849)-556-7075,legal963.com,Michigan State Bar - dir.michbar.org
MI986793,Breen Tomlinson Fromm - Grayling Office,Springfield,Grayling,MI,Civil,2010,29,(917)-914-6977,law539.com,Michigan State Bar - dir.michbar.org
MI236991,Dickinson Wright - Grayling Office,Springfield,Grayling,MI,Real Estate,1982,23,(665)-402-9433,firm910.com,Michigan State Bar - dir.michbar.org
MI346353,Latham & Watkins - Grayling Office,Springfield,Grayling,MI,Litigation,1954,9,(318)-421-2573,law327.com,Michigan State Bar - dir.michbar.org
MI303610,Law Firm,Springfield,Grayling,MI,Family,1993,11,(932)-975-4391,firm613.com,Michigan State Bar - dir.michbar.org
MI659365,Legal Group,Springfield,Grayling,MI,Corporate,1950,21,(810)-591-7947,legal659.com,Michigan State Bar - dir.michbar.org
MI134805,Miller & Associates,Springfield,Grayling,MI,Corporate,2009,8,(640)-282-4760,law994.com,Michigan State Bar - dir.michbar.org
MI616173,"Miller, Canfield, Paddock and Stone, PLC - Grayling Office",Springfield,Grayling,MI,Family,1990,26,(243)-601-8608,law916.com,Michigan State Bar - dir.michbar.org
MI613113,Partners,Springfield,Grayling,MI,General,1967,19,(583)-706-1466,firm748.com,Michigan State Bar - dir.michbar.org
MI282763,Williams & Associates,Springfield,Grayling,MI,Multi-specialty,1960,40,(290)-897-9187,law213.com,Michigan State Bar - dir.michbar.org
MI619001,Associates,Springfield,Greenville,MI,General,1992,28,(863)-627-8863,legal795.com,Michigan State Bar - dir.michbar.org
MI367202,Butzel Long - Greenville Office,Springfield,Greenville,MI,Litigation,1966,3,(698)-582-2304,legal144.com,Michigan State Bar - dir.michbar.org
MI220279,Dykema - Greenville Office,Springfield,Greenville,MI,Litigation,1992,46,(635)-774-1763,legal660.com,Michigan State Bar - dir.michbar.org
MI724451,Fraser Trebilcock - Greenville Office,Springfield,Greenville,MI,Multi-specialty,1956,48,(869)-762-7873,legal982.com,Michigan State Bar - dir.michbar.org
MI852791,Honigman - Greenville Office,Springfield,Greenville,MI,Litigation,2019,11,(936)-488-2868,firm176.com,Michigan State Bar - dir.michbar.org
MI567128,"Jaffe, Raitt, Heuer & Weiss - Greenville Office",Springfield,Greenville,MI,Civil,2009,48,(515)-581-9079,legal460.com,Michigan State Bar - dir.michbar.org
MI569644,Legal Group,Springfield,Greenville,MI,Litigation,2018,6,(954)-623-6031,legal145.com,Michigan State Bar - dir.michbar.org
MI199799,Partners,Springfield,Greenville,MI,Family,1980,12,(967)-722-6906,firm688.com,Michigan State Bar - dir.michbar.org
MI599163,Smith & Associates,Springfield,Greenville,MI,Litigation,1990,14,(668)-803-4244,firm82.com,Michigan State Bar - dir.michbar.org
MI347058,Associates,Springfield,Houghton,MI,General,2007,37,(510)-808-9277,legal312.com,Michigan State Bar - dir.michbar.org
MI901138,Counsel,Springfield,Houghton,MI,Litigation,1984,24,(544)-385-8171,legal891.com,Michigan State Bar - dir.michbar.org
MI499621,Dzurus PC - Houghton Office,Springfield,Houghton,MI,Multi-specialty,1975,20,(206)-680-8832,firm318.com,Michigan State Bar - dir.michbar.org
MI452362,Garcia & Associates,Springfield,Houghton,MI,Litigation,2014,31,(568)-619-2422,law348.com,Michigan State Bar - dir.michbar.org
MI938159,"Jaffe, Raitt, Heuer & Weiss - Houghton Office",Springfield,Houghton,MI,Litigation,1980,8,(555)-422-5964,firm426.com,Michigan State Bar - dir.michbar.org
MI909756,Johnson & Associates,Springfield,Houghton,MI,Civil,1994,14,(806)-703-4658,firm454.com,Michigan State Bar - dir.michbar.org
MI983502,Law Firm,Springfield,Houghton,MI,Litigation,1967,38,(900)-930-5965,legal612.com,Michigan State Bar - dir.michbar.org
MI381672,"Miller, Canfield, Paddock and Stone, PLC - Houghton Office",Springfield,Houghton,MI,Corporate,1983,29,(441)-525-1409,law61.com,Michigan State Bar - dir.michbar.org
MI126638,Rodriguez & Associates,Springfield,Houghton,MI,Civil,2014,19,(859)-278-6108,legal562.com,Michigan State Bar - dir.michbar.org
MI634206,Smith & Associates,Springfield,Houghton,MI,General,2013,4,(875)-655-5155,firm660.com,Michigan State Bar - dir.michbar.org
MI227071,Brown & Associates,Springfield,Huron,MI,Litigation,1984,34,(895)-450-8039,firm903.com,Michigan State Bar - dir.michbar.org
MI829620,Fraser Trebilcock - Huron Office,Springfield,Huron,MI,Corporate,2000,40,(938)-954-4942,firm927.com,Michigan State Bar - dir.michbar.org
MI289105,"Jaffe, Raitt, Heuer & Weiss - Huron Office",Springfield,Huron,MI,Family,1958,19,(535)-685-5140,firm835.com,Michigan State Bar - dir.michbar.org
MI102786,Kitch Drutchas Wagner - Huron Office,Springfield,Huron,MI,Civil,1983,44,(239)-674-3018,firm892.com,Michigan State Bar - dir.michbar.org
MI360511,Partners,Springfield,Huron,MI,Litigation,1986,15,(290)-836-6299,law168.com,Michigan State Bar - dir.michbar.org
MI556651,Varnum - Huron Office,Springfield,Huron,MI,Litigation,1971,30,(526)-234-8070,firm155.com,Michigan State Bar - dir.michbar.org
MI739664,Associates,Lansing,Ingham,MI,Real Estate,1983,10,(707)-692-2554,law758.com,Michigan State Bar - dir.michbar.org
MI666496,Braun Kendrick Finkbeiner - Ingham Office,Lansing,Ingham,MI,Real Estate,1984,37,(739)-354-6497,legal444.com,Michigan State Bar - dir.michbar.org
MI675181,Brown & Associates,Lansing,Ingham,MI,Multi-specialty,1953,8,(810)-316-1198,law370.com,Michigan State Bar - dir.michbar.org
MI772555,Davis & Associates,Lansing,Ingham,MI,Real Estate,1979,46,(642)-472-7264,legal865.com,Michigan State Bar - dir.michbar.org
MI457377,Dykema - Ingham Office,Lansing,Ingham,MI,Litigation,1955,1,(370)-247-9556,law621.com,Michigan State Bar - dir.michbar.org
MI227711,Jones & Associates,Lansing,Ingham,MI,Real Estate,2010,38,(476)-781-3962,firm131.com,Michigan State Bar - dir.michbar.org
MI908069,Law Firm,Lansing,Ingham,MI,Litigation,1991,15,(428)-296-3262,law779.com,Michigan State Bar - dir.michbar.org
MI881385,"Miller, Canfield, Paddock and Stone, PLC - Ingham Office",Lansing,Ingham,MI,Litigation,1991,18,(612)-660-1976,legal859.com,Michigan State Bar - dir.michbar.org
MI885149,Plunkett Cooney - Ingham Office,Lansing,Ingham,MI,General,1964,33,(792)-638-3404,legal910.com,Michigan State Bar - dir.michbar.org
MI411099,Rodriguez & Associates,Lansing,Ingham,MI,Corporate,2007,6,(534)-752-1815,law167.com,Michigan State Bar - dir.michbar.org
MI579823,Varnum - Ingham Office,Lansing,Ingham,MI,Multi-specialty,1992,7,(729)-320-3265,legal364.com,Michigan State Bar - dir.michbar.org
MI773522,Davis & Associates,Springfield,Ionia,MI,General,1950,37,(440)-963-6463,legal570.com,Michigan State Bar - dir.michbar.org
MI761574,Garcia & Associates,Springfield,Ionia,MI,Family,2009,33,(665)-284-8632,legal892.com,Michigan State Bar - dir.michbar.org
MI778563,Johnson & Associates,Springfield,Ionia,MI,Real Estate,1969,21,(629)-422-9203,legal430.com,Michigan State Bar - dir.michbar.org
MI672984,Jones & Associates,Springfield,Ionia,MI,Civil,2003,44,(424)-249-1072,firm944.com,Michigan State Bar - dir.michbar.org
MI576321,Law Firm,Springfield,Ionia,MI,Litigation,1974,6,(551)-469-8097,legal185.com,Michigan State Bar - dir.michbar.org
MI203215,Miller & Associates,Springfield,Ionia,MI,Multi-specialty,1964,29,(403)-872-6501,legal51.com,Michigan State Bar - dir.michbar.org
MI851518,Partners,Springfield,Ionia,MI,Multi-specialty,1998,34,(935)-653-5235,law841.com,Michigan State Bar - dir.michbar.org
MI330752,Associates,Springfield,Iosco,MI,Corporate,2019,2,(363)-946-9177,law936.com,Michigan State Bar - dir.michbar.org
MI289167,Bodman - Iosco Office,Springfield,Iosco,MI,General,2015,15,(498)-612-4271,firm725.com,Michigan State Bar - dir.michbar.org
MI721278,Counsel,Springfield,Iosco,MI,Real Estate,1981,37,(413)-997-6782,firm702.com,Michigan State Bar - dir.michbar.org
MI366182,Garan Lucow Miller - Iosco Office,Springfield,Iosco,MI,Corporate,1959,18,(798)-285-9159,legal790.com,Michigan State Bar - dir.michbar.org
MI903555,Garcia & Associates,Springfield,Iosco,MI,Corporate,1957,6,(864)-432-3933,firm790.com,Michigan State Bar - dir.michbar.org
MI152575,Johnson & Associates,Springfield,Iosco,MI,Litigation,1993,10,(918)-653-6001,firm492.com,Michigan State Bar - dir.michbar.org
MI599601,Kitch Drutchas Wagner - Iosco Office,Springfield,Iosco,MI,Litigation,1979,16,(483)-294-4686,legal955.com,Michigan State Bar - dir.michbar.org
MI855798,Law Firm,Springfield,Iosco,MI,Corporate,1953,36,(500)-301-7900,firm881.com,Michigan State Bar - dir.michbar.org
MI804375,Miller & Associates,Springfield,Iosco,MI,Civil,2004,36,(509)-454-3495,legal896.com,Michigan State Bar - dir.michbar.org
MI390365,Miller Johnson - Iosco Office,Springfield,Iosco,MI,Corporate,2010,4,(243)-341-8805,legal56.com,Michigan State Bar - dir.michbar.org
MI831803,Varnum - Iosco Office,Springfield,Iosco,MI,Corporate,1989,25,(657)-946-1354,legal968.com,Michigan State Bar - dir.michbar.org
MI484745,Bodman - Iron Office,Springfield,Iron,MI,Litigation,1997,9,(968)-524-5074,legal147.com,Michigan State Bar - dir.michbar.org
MI655293,Davis & Associates,Springfield,Iron,MI,Real Estate,1960,38,(935)-553-3835,legal766.com,Michigan State Bar - dir.michbar.org
MI863616,Dickinson Wright - Iron Office,Springfield,Iron,MI,Litigation,1955,14,(226)-965-8226,law649.com,Michigan State Bar - dir.michbar.org
MI205318,Fraser Trebilcock - Iron Office,Springfield,Iron,MI,Real Estate,1969,30,(280)-345-6068,law147.com,Michigan State Bar - dir.michbar.org
MI429903,Johnson & Associates,Springfield,Iron,MI,Civil,2011,7,(512)-450-3089,legal322.com,Michigan State Bar - dir.michbar.org
MI244565,Jones & Associates,Springfield,Iron,MI,Multi-specialty,2016,44,(476)-333-4473,firm154.com,Michigan State Bar - dir.michbar.org
MI680706,Legal Group,Springfield,Iron,MI,Multi-specialty,1995,15,(294)-227-8030,law527.com,Michigan State Bar - dir.michbar.org
MI401209,Partners,Springfield,Iron,MI,General,1954,9,(938)-317-6015,law510.com,Michigan State Bar - dir.michbar.org
MI258340,Varnum - Iron Office,Springfield,Iron,MI,Real Estate,1959,37,(353)-225-3786,legal601.com,Michigan State Bar - dir.michbar.org
MI471672,Associates,Springfield,Isabella,MI,Family,1967,20,(592)-295-4260,legal876.com,Michigan State Bar - dir.michbar.org
MI421357,Counsel,Springfield,Isabella,MI,Corporate,2015,33,(605)-904-4543,legal694.com,Michigan State Bar - dir.michbar.org
MI352983,Dykema - Isabella Office,Springfield,Isabella,MI,Corporate,1979,38,(542)-456-8991,firm417.com,Michigan State Bar - dir.michbar.org
MI880532,Dzurus PC - Isabella Office,Springfield,Isabella,MI,Multi-specialty,1959,29,(801)-639-6760,legal232.com,Michigan State Bar - dir.michbar.org
MI905853,Johnson & Associates,Springfield,Isabella,MI,Civil,1976,44,(754)-733-8195,firm726.com,Michigan State Bar - dir.michbar.org
MI789501,Law Firm,Springfield,Isabella,MI,Multi-specialty,2006,14,(571)-207-3984,legal227.com,Michigan State Bar - dir.michbar.org
MI817163,Miller & Associates,Springfield,Isabella,MI,Corporate,1999,30,(704)-887-4751,firm899.com,Michigan State Bar - dir.michbar.org
MI262464,Partners,Springfield,Isabella,MI,General,1957,27,(703)-684-5244,legal384.com,Michigan State Bar - dir.michbar.org
MI889489,Plunkett Cooney - Isabella Office,Springfield,Isabella,MI,Corporate,1996,46,(245)-636-5375,law490.com,Michigan State Bar - dir.michbar.org
MI892317,Williams & Associates,Springfield,Isabella,MI,Corporate,2012,4,(833)-738-3128,firm612.com,Michigan State Bar - dir.michbar.org
MI511145,Associates,Springfield,Ithaca,MI,General,1952,23,(320)-976-6538,legal724.com,Michigan State Bar - dir.michbar.org
MI286033,Counsel,Springfield,Ithaca,MI,Litigation,1989,48,(429)-923-2531,legal389.com,Michigan State Bar - dir.michbar.org
MI813796,Dickinson Wright - Ithaca Office,Springfield,Ithaca,MI,Civil,1968,8,(873)-718-9670,law36.com,Michigan State Bar - dir.michbar.org
MI570474,Honigman - Ithaca Office,Springfield,Ithaca,MI,Civil,2002,30,(202)-765-3202,legal596.com,Michigan State Bar - dir.michbar.org
MI912078,Johnson & Associates,Springfield,Ithaca,MI,Civil,1963,44,(363)-300-9997,legal133.com,Michigan State Bar - dir.michbar.org
MI271442,Jones & Associates,Springfield,Ithaca,MI,Litigation,1978,10,(771)-690-5598,legal501.com,Michigan State Bar - dir.michbar.org
MI507131,Latham & Watkins - Ithaca Office,Springfield,Ithaca,MI,Civil,1988,43,(616)-858-7065,law641.com,Michigan State Bar - dir.michbar.org
MI645937,Law Firm,Springfield,Ithaca,MI,Litigation,2012,38,(470)-542-2976,legal841.com,Michigan State Bar - dir.michbar.org
MI429480,Legal Group,Springfield,Ithaca,MI,Multi-specialty,2009,18,(587)-851-2328,legal869.com,Michigan State Bar - dir.michbar.org
MI817401,Sinas Dramis Busema - Ithaca Office,Springfield,Ithaca,MI,Litigation,1990,18,(729)-470-7945,law529.com,Michigan State Bar - dir.michbar.org
MI199154,Warner Norcross & Judd - Ithaca Office,Springfield,Ithaca,MI,General,1967,21,(869)-806-4347,firm334.com,Michigan State Bar - dir.michbar.org
MI964404,Bodman - Jackson Office,Springfield,Jackson,MI,Litigation,2005,42,(422)-813-1592,firm486.com,Michigan State Bar - dir.michbar.org
MI925861,Brown & Associates,Springfield,Jackson,MI,Real Estate,1952,46,(736)-983-3946,legal953.com,Michigan State Bar - dir.michbar.org
MI118411,Butzel Long - Jackson Office,Springfield,Jackson,MI,Multi-specialty,2010,42,(253)-243-2262,legal337.com,Michigan State Bar - dir.michbar.org
MI500049,Jones & Associates,Springfield,Jackson,MI,Corporate,1956,28,(811)-272-6616,firm633.com,Michigan State Bar - dir.michbar.org
MI298570,Law Firm,Springfield,Jackson,MI,Multi-specialty,1977,2,(861)-806-2763,legal830.com,Michigan State Bar - dir.michbar.org
MI543339,Legal Group,Springfield,Jackson,MI,General,2005,34,(456)-238-4585,legal805.com,Michigan State Bar - dir.michbar.org
MI741595,"Miller, Canfield, Paddock and Stone, PLC - Jackson Office",Springfield,Jackson,MI,Real Estate,1977,47,(323)-545-2862,law62.com,Michigan State Bar - dir.michbar.org
MI328990,Rodriguez & Associates,Springfield,Jackson,MI,Litigation,2008,34,(316)-848-2718,legal325.com,Michigan State Bar - dir.michbar.org
MI529695,Smith & Associates,Springfield,Jackson,MI,Corporate,2005,40,(663)-627-3307,firm674.com,Michigan State Bar - dir.michbar.org
MI201668,Warner Norcross & Judd - Jackson Office,Springfield,Jackson,MI,Litigation,1986,49,(757)-549-3573,firm145.com,Michigan State Bar - dir.michbar.org
MI161369,Associates,Kalamazoo,Kalamazoo,MI,Family,1981,30,(270)-345-4118,legal191.com,Michigan State Bar - dir.michbar.org
MI749834,Braun Kendrick Finkbeiner - Kalamazoo Office,Kalamazoo,Kalamazoo,MI,General,2004,8,(971)-521-7110,firm430.com,Michigan State Bar - dir.michbar.org
MI250432,Clark Hill - Kalamazoo Office,Kalamazoo,Kalamazoo,MI,Family,1975,47,(556)-679-7476,firm93.com,Michigan State Bar - dir.michbar.org
MI667445,Davis & Associates,Kalamazoo,Kalamazoo,MI,Corporate,1989,18,(952)-602-2456,firm39.com,Michigan State Bar - dir.michbar.org
MI894659,Fraser Trebilcock - Kalamazoo Office,Kalamazoo,Kalamazoo,MI,Civil,2016,46,(694)-340-1206,law717.com,Michigan State Bar - dir.michbar.org
MI889908,Garan Lucow Miller - Kalamazoo Office,Kalamazoo,Kalamazoo,MI,Family,1978,3,(833)-249-7526,law934.com,Michigan State Bar - dir.michbar.org
MI801923,"Jaffe, Raitt, Heuer & Weiss - Kalamazoo Office",Kalamazoo,Kalamazoo,MI,General,1989,20,(874)-494-5785,firm585.com,Michigan State Bar - dir.michbar.org
MI768926,Kitch Drutchas Wagner - Kalamazoo Office,Kalamazoo,Kalamazoo,MI,Civil,1987,38,(499)-463-2101,law720.com,Michigan State Bar - dir.michbar.org
MI784032,Miller Johnson - Kalamazoo Office,Kalamazoo,Kalamazoo,MI,Civil,1982,26,(355)-846-3330,law44.com,Michigan State Bar - dir.michbar.org
MI138853,"Miller, Canfield, Paddock and Stone, PLC - Kalamazoo Office",Kalamazoo,Kalamazoo,MI,Litigation,2001,8,(313)-689-5738,law702.com,Michigan State Bar - dir.michbar.org
MI383816,Williams & Associates,Kalamazoo,Kalamazoo,MI,Litigation,1953,3,(724)-302-7116,law666.com,Michigan State Bar - dir.michbar.org
MI620851,Brown & Associates,Springfield,Kalkaska,MI,General,1975,48,(840)-687-3241,legal863.com,Michigan State Bar - dir.michbar.org
MI638741,Butzel Long - Kalkaska Office,Springfield,Kalkaska,MI,Litigation,1964,27,(801)-270-3767,legal413.com,Michigan State Bar - dir.michbar.org
MI166776,Counsel,Springfield,Kalkaska,MI,Civil,1955,21,(234)-992-1259,legal373.com,Michigan State Bar - dir.michbar.org
MI805517,Davis & Associates,Springfield,Kalkaska,MI,Family,1986,41,(980)-775-9799,legal345.com,Michigan State Bar - dir.michbar.org
MI134758,Fraser Trebilcock - Kalkaska Office,Springfield,Kalkaska,MI,Litigation,1999,34,(296)-730-8932,law757.com,Michigan State Bar - dir.michbar.org
MI169728,Garan Lucow Miller - Kalkaska Office,Springfield,Kalkaska,MI,General,1975,25,(613)-817-3677,firm217.com,Michigan State Bar - dir.michbar.org
MI671764,Johnson & Associates,Springfield,Kalkaska,MI,Litigation,1981,22,(362)-378-6680,firm739.com,Michigan State Bar - dir.michbar.org
MI604359,Law Firm,Springfield,Kalkaska,MI,Litigation,1994,33,(391)-947-1302,firm126.com,Michigan State Bar - dir.michbar.org
MI437133,Miller & Associates,Springfield,Kalkaska,MI,Litigation,2013,27,(512)-497-4114,law170.com,Michigan State Bar - dir.michbar.org
MI309018,Partners,Springfield,Kalkaska,MI,Litigation,1994,38,(590)-515-9617,firm75.com,Michigan State Bar - dir.michbar.org
MI222526,Rodriguez & Associates,Springfield,Kalkaska,MI,Civil,1987,7,(787)-228-8869,legal235.com,Michigan State Bar - dir.michbar.org
MI872829,Brown & Associates,Grand Rapids,Kent,MI,Real Estate,2013,30,(502)-613-8967,legal592.com,Michigan State Bar - dir.michbar.org
MI945183,Kitch Drutchas Wagner - Kent Office,Grand Rapids,Kent,MI,Real Estate,1963,14,(770)-751-6551,legal690.com,Michigan State Bar - dir.michbar.org
MI162081,Legal Group,Grand Rapids,Kent,MI,Litigation,1979,11,(283)-354-8399,legal382.com,Michigan State Bar - dir.michbar.org
MI730451,Rodriguez & Associates,Grand Rapids,Kent,MI,General,2001,50,(750)-260-2413,law289.com,Michigan State Bar - dir.michbar.org
MI998255,Smith & Associates,Grand Rapids,Kent,MI,Litigation,1961,27,(738)-561-1680,firm728.com,Michigan State Bar - dir.michbar.org
MI360601,Williams & Associates,Grand Rapids,Kent,MI,Multi-specialty,2003,50,(960)-888-6381,law193.com,Michigan State Bar - dir.michbar.org
MI743552,Associates,Springfield,Keweenaw,MI,Family,2020,34,(425)-622-5278,legal450.com,Michigan State Bar - dir.michbar.org
MI988844,Braun Kendrick Finkbeiner - Keweenaw Office,Springfield,Keweenaw,MI,General,1968,50,(270)-355-5568,firm396.com,Michigan State Bar - dir.michbar.org
MI320755,Butzel Long - Keweenaw Office,Springfield,Keweenaw,MI,Real Estate,2013,50,(825)-458-8327,legal720.com,Michigan State Bar - dir.michbar.org
MI290737,Counsel,Springfield,Keweenaw,MI,Real Estate,1971,50,(857)-678-6437,law210.com,Michigan State Bar - dir.michbar.org
MI782703,Jones & Associates,Springfield,Keweenaw,MI,Litigation,2009,49,(959)-864-8639,legal705.com,Michigan State Bar - dir.michbar.org
MI107094,Law Firm,Springfield,Keweenaw,MI,Real Estate,1957,44,(215)-707-3957,firm562.com,Michigan State Bar - dir.michbar.org
MI115072,Partners,Springfield,Keweenaw,MI,General,1998,15,(470)-269-2562,law809.com,Michigan State Bar - dir.michbar.org
MI666039,Varnum - Keweenaw Office,Springfield,Keweenaw,MI,Multi-specialty,2002,29,(449)-499-9045,legal956.com,Michigan State Bar - dir.michbar.org
MI330681,Williams & Associates,Springfield,Keweenaw,MI,Multi-specialty,1963,38,(673)-637-5104,law756.com,Michigan State Bar - dir.michbar.org
MI361805,Bodman - Lake Office,Springfield,Lake,MI,Multi-specialty,2003,50,(492)-622-3969,law197.com,Michigan State Bar - dir.michbar.org
MI314406,Counsel,Springfield,Lake,MI,Litigation,1981,3,(906)-670-4016,firm705.com,Michigan State Bar - dir.michbar.org
MI760229,Davis & Associates,Springfield,Lake,MI,Corporate,1951,5,(897)-285-5246,law443.com,Michigan State Bar - dir.michbar.org
MI760625,Dzurus PC - Lake Office,Springfield,Lake,MI,Real Estate,2011,40,(354)-767-7922,firm255.com,Michigan State Bar - dir.michbar.org
MI866808,Honigman - Lake Office,Springfield,Lake,MI,Civil,1963,13,(705)-439-5025,firm966.com,Michigan State Bar - dir.michbar.org
MI638649,Johnson & Associates,Springfield,Lake,MI,Real Estate,2005,42,(489)-889-7468,law328.com,Michigan State Bar - dir.michbar.org
MI897392,Jones & Associates,Springfield,Lake,MI,Multi-specialty,1992,46,(358)-867-6003,legal14.com,Michigan State Bar - dir.michbar.org
MI676288,Kitch Drutchas Wagner - Lake Office,Springfield,Lake,MI,General,1964,30,(434)-968-3100,legal467.com,Michigan State Bar - dir.michbar.org
MI426104,Law Firm,Springfield,Lake,MI,Civil,2006,22,(948)-240-7562,legal862.com,Michigan State Bar - dir.michbar.org
MI647896,Legal Group,Springfield,Lake,MI,Family,1984,2,(271)-445-1038,law898.com,Michigan State Bar - dir.michbar.org
MI180070,Miller & Associates,Springfield,Lake,MI,Family,2020,33,(560)-799-3181,firm557.com,Michigan State Bar - dir.michbar.org
MI590829,Partners,Springfield,Lake,MI,Family,1954,43,(207)-466-1053,legal404.com,Michigan State Bar - dir.michbar.org
MI683974,Rodriguez & Associates,Springfield,Lake,MI,Litigation,1991,37,(640)-985-7585,legal128.com,Michigan State Bar - dir.michbar.org
MI354791,Associates,Springfield,Lapeer,MI,Family,1964,35,(733)-806-5299,law45.com,Michigan State Bar - dir.michbar.org
MI873950,Breen Tomlinson Fromm - Lapeer Office,Springfield,Lapeer,MI,Litigation,1966,19,(204)-260-1243,firm439.com,Michigan State Bar - dir.michbar.org
MI872361,Brown & Associates,Springfield,Lapeer,MI,Real Estate,1997,40,(214)-456-8023,law45.com,Michigan State Bar - dir.michbar.org
MI605745,Clark Hill - Lapeer Office,Springfield,Lapeer,MI,Civil,1983,13,(889)-316-6636,legal93.com,Michigan State Bar - dir.michbar.org
MI780007,Garcia & Associates,Springfield,Lapeer,MI,Real Estate,1990,10,(891)-219-2629,legal149.com,Michigan State Bar - dir.michbar.org
MI713811,Law Firm,Springfield,Lapeer,MI,Real Estate,1958,21,(703)-814-5681,law450.com,Michigan State Bar - dir.michbar.org
MI826878,Partners,Springfield,Lapeer,MI,Multi-specialty,1993,13,(716)-752-9430,firm981.com,Michigan State Bar - dir.michbar.org
MI225800,Sinas Dramis Busema - Lapeer Office,Springfield,Lapeer,MI,General,1983,23,(925)-272-2885,legal214.com,Michigan State Bar - dir.michbar.org
MI559402,Smith & Associates,Springfield,Lapeer,MI,Litigation,1994,45,(946)-745-2790,law859.com,Michigan State Bar - dir.michbar.org
MI959647,Williams & Associates,Springfield,Lapeer,MI,Family,1961,39,(285)-573-3533,firm19.com,Michigan State Bar - dir.michbar.org
MI787064,Associates,Springfield,Leelanau,MI,Family,1989,36,(391)-625-2829,law20.com,Michigan State Bar - dir.michbar.org
MI320148,Braun Kendrick Finkbeiner - Leelanau Office,Springfield,Leelanau,MI,Corporate,1994,43,(398)-833-9876,law984.com,Michigan State Bar - dir.michbar.org
MI636338,Butzel Long - Leelanau Office,Springfield,Leelanau,MI,Corporate,1950,41,(704)-481-5675,firm129.com,Michigan State Bar - dir.michbar.org
MI657396,Counsel,Springfield,Leelanau,MI,Multi-specialty,1985,23,(391)-359-4438,legal132.com,Michigan State Bar - dir.michbar.org
MI781542,Davis & Associates,Springfield,Leelanau,MI,Litigation,2003,11,(424)-646-2531,firm690.com,Michigan State Bar - dir.michbar.org
MI275011,Johnson & Associates,Springfield,Leelanau,MI,Multi-specialty,2019,38,(745)-219-7949,legal767.com,Michigan State Bar - dir.michbar.org
MI555739,Plunkett Cooney - Leelanau Office,Springfield,Leelanau,MI,General,1970,10,(687)-425-2786,law883.com,Michigan State Bar - dir.michbar.org
MI234645,Williams & Associates,Springfield,Leelanau,MI,Real Estate,1969,42,(891)-621-8263,firm776.com,Michigan State Bar - dir.michbar.org
MI571932,Breen Tomlinson Fromm - Lenawee Office,Springfield,Lenawee,MI,General,1992,25,(376)-382-4883,legal113.com,Michigan State Bar - dir.michbar.org
MI539343,Brown & Associates,Springfield,Lenawee,MI,Corporate,1977,25,(641)-641-8915,legal429.com,Michigan State Bar - dir.michbar.org
MI408338,Garan Lucow Miller - Lenawee Office,Springfield,Lenawee,MI,Real Estate,1973,48,(326)-468-6314,law457.com,Michigan State Bar - dir.michbar.org
MI776891,Honigman - Lenawee Office,Springfield,Lenawee,MI,General,2018,24,(267)-753-1387,firm552.com,Michigan State Bar - dir.michbar.org
MI433124,Jones & Associates,Springfield,Lenawee,MI,Multi-specialty,2010,44,(494)-210-6095,law894.com,Michigan State Bar - dir.michbar.org
MI431560,Law Firm,Springfield,Lenawee,MI,Corporate,1986,44,(377)-316-4814,firm325.com,Michigan State Bar - dir.michbar.org
MI456967,Legal Group,Springfield,Lenawee,MI,Civil,1977,48,(411)-552-4088,firm514.com,Michigan State Bar - dir.michbar.org
MI361432,Miller Johnson - Lenawee Office,Springfield,Lenawee,MI,Multi-specialty,2019,40,(522)-986-8490,firm292.com,Michigan State Bar - dir.michbar.org
MI254945,Partners,Springfield,Lenawee,MI,Multi-specialty,1972,5,(249)-972-4654,law2.com,Michigan State Bar - dir.michbar.org
MI530949,Plunkett Cooney - Lenawee Office,Springfield,Lenawee,MI,Corporate,1982,49,(503)-812-3321,law207.com,Michigan State Bar - dir.michbar.org
MI571023,Rodriguez & Associates,Springfield,Lenawee,MI,Civil,1987,2,(291)-405-6823,law881.com,Michigan State Bar - dir.michbar.org
MI111231,Warner Norcross & Judd - Lenawee Office,Springfield,Lenawee,MI,Multi-specialty,1968,18,(230)-426-8705,law290.com,Michigan State Bar - dir.michbar.org
MI551249,Associates,Springfield,Livingston,MI,Civil,1955,43,(692)-889-4633,legal496.com,Michigan State Bar - dir.michbar.org
MI586493,Braun Kendrick Finkbeiner - Livingston Office,Springfield,Livingston,MI,General,1961,26,(355)-943-1087,law645.com,Michigan State Bar - dir.michbar.org
MI457967,"Jaffe, Raitt, Heuer & Weiss - Livingston Office",Springfield,Livingston,MI,Civil,2007,35,(205)-796-8917,legal435.com,Michigan State Bar - dir.michbar.org
MI511457,Kitch Drutchas Wagner - Livingston Office,Springfield,Livingston,MI,General,1962,39,(812)-691-3780,law941.com,Michigan State Bar - dir.michbar.org
MI182743,Law Firm,Springfield,Livingston,MI,General,1975,6,(985)-385-9190,firm864.com,Michigan State Bar - dir.michbar.org
MI253236,Legal Group,Springfield,Livingston,MI,General,2008,2,(745)-420-2870,legal345.com,Michigan State Bar - dir.michbar.org
MI106864,Partners,Springfield,Livingston,MI,Corporate,2005,23,(557)-846-9211,firm278.com,Michigan State Bar - dir.michbar.org
MI147588,Rodriguez & Associates,Springfield,Livingston,MI,Civil,2003,32,(651)-906-1958,law27.com,Michigan State Bar - dir.michbar.org
MI870173,Smith & Associates,Springfield,Livingston,MI,Family,2010,12,(698)-264-6519,legal855.com,Michigan State Bar - dir.michbar.org
MI936951,Williams & Associates,Springfield,Livingston,MI,Real Estate,2012,31,(597)-231-7506,firm25.com,Michigan State Bar - dir.michbar.org
MI973609,Associates,Springfield,Luce,MI,Litigation,1961,12,(203)-805-2421,legal780.com,Michigan State Bar - dir.michbar.org
MI139326,Fraser Trebilcock - Luce Office,Springfield,Luce,MI,Real Estate,2017,14,(470)-476-9303,firm197.com,Michigan State Bar - dir.michbar.org
MI863810,Partners,Springfield,Luce,MI,Litigation,1971,47,(957)-336-1060,law99.com,Michigan State Bar - dir.michbar.org
MI270314,Rodriguez & Associates,Springfield,Luce,MI,Real Estate,1976,13,(545)-708-1651,firm301.com,Michigan State Bar - dir.michbar.org
MI802815,Sinas Dramis Busema - Luce Office,Springfield,Luce,MI,Civil,1986,15,(395)-949-8539,legal649.com,Michigan State Bar - dir.michbar.org
MI720237,Smith & Associates,Springfield,Luce,MI,Civil,2014,41,(945)-901-3671,legal616.com,Michigan State Bar - dir.michbar.org
MI990369,Williams & Associates,Springfield,Luce,MI,Family,1951,3,(371)-233-2847,firm479.com,Michigan State Bar - dir.michbar.org
MI136402,Brown & Associates,Springfield,Mackinac,MI,Family,1963,8,(797)-794-4865,law8.com,Michigan State Bar - dir.michbar.org
MI320377,Garcia & Associates,Springfield,Mackinac,MI,Litigation,2016,28,(726)-917-4951,legal75.com,Michigan State Bar - dir.michbar.org
MI762099,Johnson & Associates,Springfield,Mackinac,MI,Real Estate,1962,39,(401)-253-9316,firm23.com,Michigan State Bar - dir.michbar.org
MI164814,Jones & Associates,Springfield,Mackinac,MI,Real Estate,1981,19,(643)-864-1764,law271.com,Michigan State Bar - dir.michbar.org
MI880580,Law Firm,Springfield,Mackinac,MI,Corporate,1955,7,(567)-997-8954,legal775.com,Michigan State Bar - dir.michbar.org
MI731170,Legal Group,Springfield,Mackinac,MI,Civil,1975,30,(426)-411-6327,legal273.com,Michigan State Bar - dir.michbar.org
MI953955,"Miller, Canfield, Paddock and Stone, PLC - Mackinac Office",Springfield,Mackinac,MI,Family,2010,7,(378)-821-7110,law149.com,Michigan State Bar - dir.michbar.org
MI706925,Partners,Springfield,Mackinac,MI,Litigation,1971,5,(957)-961-1273,firm891.com,Michigan State Bar - dir.michbar.org
MI163821,Smith & Associates,Springfield,Mackinac,MI,Civil,1986,25,(647)-592-2202,legal865.com,Michigan State Bar - dir.michbar.org
MI525193,Brown & Associates,Springfield,Macomb,MI,Family,2020,33,(382)-813-4599,firm499.com,Michigan State Bar - dir.michbar.org
MI724890,Butzel Long - Macomb Office,Springfield,Macomb,MI,General,2016,14,(948)-883-1784,firm111.com,Michigan State Bar - dir.michbar.org
MI405558,Clark Hill - Macomb Office,Springfield,Macomb,MI,General,1960,30,(564)-267-7322,firm237.com,Michigan State Bar - dir.michbar.org
MI122981,Davis & Associates,Springfield,Macomb,MI,Corporate,1999,37,(919)-882-5696,firm97.com,Michigan State Bar - dir.michbar.org
MI193297,Fraser Trebilcock - Macomb Office,Springfield,Macomb,MI,Multi-specialty,1968,32,(750)-394-7969,firm812.com,Michigan State Bar - dir.michbar.org
MI282007,Garcia & Associates,Springfield,Macomb,MI,Litigation,2006,6,(373)-703-5931,law525.com,Michigan State Bar - dir.michbar.org
MI356693,"Jaffe, Raitt, Heuer & Weiss - Macomb Office",Springfield,Macomb,MI,Family,1967,43,(486)-222-8646,legal476.com,Michigan State Bar - dir.michbar.org
MI682388,Johnson & Associates,Springfield,Macomb,MI,Litigation,2001,28,(769)-264-4973,legal904.com,Michigan State Bar - dir.michbar.org
MI545044,Law Firm,Springfield,Macomb,MI,Multi-specialty,1993,40,(392)-673-2926,legal497.com,Michigan State Bar - dir.michbar.org
MI378816,Legal Group,Springfield,Macomb,MI,Civil,1965,13,(897)-356-4261,law47.com,Michigan State Bar - dir.michbar.org
MI944384,Williams & Associates,Springfield,Macomb,MI,Family,2020,26,(744)-585-1961,firm877.com,Michigan State Bar - dir.michbar.org
MI726687,Associates,Springfield,Manistee,MI,Civil,1956,27,(947)-662-4016,law880.com,Michigan State Bar - dir.michbar.org
MI654011,Clark Hill - Manistee Office,Springfield,Manistee,MI,General,1981,20,(490)-441-7596,legal508.com,Michigan State Bar - dir.michbar.org
MI633340,Counsel,Springfield,Manistee,MI,Multi-specialty,1962,36,(935)-913-6354,firm279.com,Michigan State Bar - dir.michbar.org
MI467896,Davis & Associates,Springfield,Manistee,MI,Litigation,1981,23,(862)-936-1124,law820.com,Michigan State Bar - dir.michbar.org
MI957841,Dykema - Manistee Office,Springfield,Manistee,MI,General,1959,18,(399)-214-1038,firm593.com,Michigan State Bar - dir.michbar.org
MI110456,Garan Lucow Miller - Manistee Office,Springfield,Manistee,MI,Civil,1955,26,(215)-215-6691,law295.com,Michigan State Bar - dir.michbar.org
MI695219,Garcia & Associates,Springfield,Manistee,MI,Civil,1986,17,(544)-430-9389,law97.com,Michigan State Bar - dir.michbar.org
MI273751,Honigman - Manistee Office,Springfield,Manistee,MI,Multi-specialty,1990,17,(961)-826-9383,firm228.com,Michigan State Bar - dir.michbar.org
MI123192,Johnson & Associates,Springfield,Manistee,MI,Real Estate,1982,8,(351)-280-5629,legal490.com,Michigan State Bar - dir.michbar.org
MI903350,Legal Group,Springfield,Manistee,MI,Civil,1953,27,(551)-624-3106,law147.com,Michigan State Bar - dir.michbar.org
MI669994,Miller & Associates,Springfield,Manistee,MI,General,1952,30,(386)-916-8708,law751.com,Michigan State Bar - dir.michbar.org
MI904248,Plunkett Cooney - Manistee Office,Springfield,Manistee,MI,Real Estate,1988,22,(978)-907-4933,firm428.com,Michigan State Bar - dir.michbar.org
MI965713,Williams & Associates,Springfield,Manistee,MI,Multi-specialty,1988,32,(856)-683-5418,legal958.com,Michigan State Bar - dir.michbar.org
MI792900,Associates,Springfield,Marquette,MI,Corporate,1975,14,(974)-788-5745,law532.com,Michigan State Bar - dir.michbar.org
MI748720,Bodman - Marquette Office,Springfield,Marquette,MI,Corporate,1981,44,(770)-270-7812,law73.com,Michigan State Bar - dir.michbar.org
MI372939,Davis & Associates,Springfield,Marquette,MI,Litigation,1981,33,(718)-458-5051,law985.com,Michigan State Bar - dir.michbar.org
MI326044,Dickinson Wright - Marquette Office,Springfield,Marquette,MI,Corporate,1977,4,(441)-637-4330,firm173.com,Michigan State Bar - dir.michbar.org
MI408779,Garcia & Associates,Springfield,Marquette,MI,Multi-specialty,1957,28,(700)-483-5641,law560.com,Michigan State Bar - dir.michbar.org
MI543930,Johnson & Associates,Springfield,Marquette,MI,Real Estate,1950,14,(390)-593-1519,firm265.com,Michigan State Bar - dir.michbar.org
MI330085,Legal Group,Springfield,Marquette,MI,Real Estate,2009,24,(253)-354-3080,firm391.com,Michigan State Bar - dir.michbar.org
MI105613,Varnum - Marquette Office,Springfield,Marquette,MI,General,1999,24,(671)-283-5100,firm769.com,Michigan State Bar - dir.michbar.org
MI709784,Warner Norcross & Judd - Marquette Office,Springfield,Marquette,MI,Corporate,2017,49,(672)-621-6850,firm701.com,Michigan State Bar - dir.michbar.org
